FECHA,ID_PEDIDO,ID_CLIENTE,CLIENTE,ID_VENDEDOR,VENDEDOR,FOTO_VENDEDOR,ID_REION,REGION,PROVINCIAS,latitud,longitud,ID_PRODUCTO,PRODUCTO,FOTO_PRODUCTO,CANTIDAD,PRECIO,TOTAL
2020-01-03,1,C-10001,Alejandro,VD-10001,Juan Perez,https://dl.dropbox.com/s/4bz1xriny7ro04g/A40.png,1,ESTE,La Altagracia,18.6154,-68.7073,P-10001,Leche,https://png.pngtree.com/png-vector/20240206/ourmid/pngtree-gallon-of-milk-isolated-on-white-drink-cutout-lactosefresh-png-image_11635524.png,90,30,2700
2020-01-03,2,C-10002,María,VD-10002,Maria Vizcaino,https://dl.dropbox.com/s/yxe96df3xrzoc4y/A44.png,1,ESTE,El Seibo,18.7652,-69.0381,P-10002,Legumbres,https://hslegumbres.com.ar/wp-content/uploads/2019/09/legumbres-min.png,36,50,1800
2020-01-09,3,C-10003,José,VD-10003,Ana Santana,https://dl.dropboxusercontent.com/s/2lks10yyiurw2b0/A33.png,1,ESTE,Hato Mayor,18.7625,-69.2568,P-10003,Frutas frescas,https://png.pngtree.com/png-clipart/20231122/original/pngtree-group-of-fresh-fruits-many-photo-png-image_13690072.png,13,40,520
2020-01-10,4,C-10004,Laura,VD-10004,Luis Diaz,https://dl.dropbox.com/s/zgx7g0h0mxubhao/A21.png,1,ESTE,La Romana,18.4339,-68.9666,P-10004,Pan integral,https://png.pngtree.com/png-clipart/20230929/original/pngtree-whole-wheat-bread-cutout-png-file-png-image_13018044.png,71,35,2485
2020-01-17,5,C-10005,Carlos,VD-10005,Sofia Bergara,https://dl.dropboxusercontent.com/s/id0gj57k6z3m73q/A34.png,1,ESTE,San Pedro de Macorís,18.4517,-69.2994,P-10005,Aceite,https://cdn-icons-png.freepik.com/512/5029/5029264.png,48,100,4800
2020-01-18,6,C-10006,Lucía,VD-10006,Jorge Ramos,https://dl.dropbox.com/s/1f9hzgblcmuen4a/A10.png,2,CIBAO,Santiago,19.4517,-70.697,P-10006,Arroz,https://encrypted-tbn0.gstatic.com/images?q=tbn:ANd9GcQ4_WmdkkAcceSl35xcwCOyP36s_xHnu0Yh2A&s,67,25,1675
2020-01-21,7,C-10007,Juan,VD-10007,Juan Comila,https://dl.dropbox.com/s/jveyj0btov87izo/A38.png,2,CIBAO,Puerto Plata,19.7903,-70.6871,P-10007,Huevos,https://acdn.mitiendanube.com/stores/001/926/707/products/mesa-de-trabajo-11-ab4aedeb4966ce692416358047799893-640-0.png,12,5,60
2020-01-23,8,C-10008,Ana,VD-10008,Juan Gabrie;,https://dl.dropbox.com/s/z4geyw1u2psmm47/A16.png,2,CIBAO,Duarte,19.2957,-70.255,P-10008,Yogur,https://perulabecologic.com.pe/wp-content/uploads/2020/04/yogurt-natural-botella.png,15,45,675
2020-01-28,9,C-10009,Luis,VD-10009,Juan Perez,https://dl.dropbox.com/s/4bz1xriny7ro04g/A40.png,2,CIBAO,Espaillat,19.3901,-70.5253,P-10009,Aceite de oliva,https://studikard.com/wp-content/uploads/2021/11/Aceite-de-oliva-extra-virgen.png,52,200,10400
2020-02-07,10,C-10010,Carmen,VD-10010,Juan Gabrie;,https://dl.dropbox.com/s/z4geyw1u2psmm47/A16.png,2,CIBAO,La Vega,19.2225,-70.5297,P-10010,Agua potable,https://www.lenntech.com/images/Water/bottled.png,87,15,1305
2020-02-08,11,C-10011,Miguel,VD-10011,Juan Perez,https://dl.dropbox.com/s/4bz1xriny7ro04g/A40.png,3,SUR,Azua,18.454,-70.729,P-10011,Verduras frescas,https://img.pikbest.com/origin/09/05/38/99KpIkbEsTxDy.png!w700wp,29,30,870
2020-02-11,12,C-10012,Sofía,VD-10012,Maria Vizcaino,https://dl.dropbox.com/s/yxe96df3xrzoc4y/A44.png,3,SUR,Barahona,18.2085,-71.1008,P-10012,Carne de pollo,https://carnessanpietro.com/wp-content/uploads/2023/12/carne_carne-para-bistec.png,35,75,2625
2020-02-16,13,C-10013,Pablo,VD-10013,Carlos Santos,https://dl.dropbox.com/s/0jkab8w6ie0h91z/A42.png,3,SUR,San Juan,18.8059,-71.2299,P-10013,Pescado,https://res.cloudinary.com/oita/image/upload/v1688057414/Merco/Parte%205/7720_PESCADO_PARA_CALDO_m4getv.png,4,120,480
2020-02-16,14,C-10014,Isabel,VD-10014,Ana Santana,https://dl.dropboxusercontent.com/s/2lks10yyiurw2b0/A33.png,3,SUR,San Cristóbal,18.4154,-70.1119,P-10014,Queso,https://covica.es/wp-content/uploads/2022/11/QUESOS_36-removebg-preview.png,29,90,2610
2020-02-27,15,C-10015,Diego,VD-10015,Sofia Bergara,https://dl.dropboxusercontent.com/s/id0gj57k6z3m73q/A34.png,3,SUR,Peravia,18.2796,-70.3316,P-10015,Miel,https://prodexspa.com/wp-content/uploads/2023/05/foto_miel_apoyo_low.png,90,80,7200
2020-03-08,16,C-10016,Paula,VD-10001,Juan Perez,https://dl.dropbox.com/s/4bz1xriny7ro04g/A40.png,1,ESTE,La Altagracia,18.6154,-68.7073,P-10001,Leche,https://png.pngtree.com/png-vector/20240206/ourmid/pngtree-gallon-of-milk-isolated-on-white-drink-cutout-lactosefresh-png-image_11635524.png,16,30,480
2020-03-14,17,C-10017,Francisco,VD-10002,Maria Vizcaino,https://dl.dropbox.com/s/yxe96df3xrzoc4y/A44.png,1,ESTE,El Seibo,18.7652,-69.0381,P-10002,Legumbres,https://hslegumbres.com.ar/wp-content/uploads/2019/09/legumbres-min.png,34,50,1700
2020-03-21,18,C-10018,Marta,VD-10003,Ana Santana,https://dl.dropboxusercontent.com/s/2lks10yyiurw2b0/A33.png,1,ESTE,Hato Mayor,18.7625,-69.2568,P-10003,Frutas frescas,https://png.pngtree.com/png-clipart/20231122/original/pngtree-group-of-fresh-fruits-many-photo-png-image_13690072.png,76,40,3040
2020-03-21,19,C-10019,Antonio,VD-10004,Luis Diaz,https://dl.dropbox.com/s/zgx7g0h0mxubhao/A21.png,1,ESTE,La Romana,18.4339,-68.9666,P-10004,Pan integral,https://png.pngtree.com/png-clipart/20230929/original/pngtree-whole-wheat-bread-cutout-png-file-png-image_13018044.png,15,35,525
2020-04-03,20,C-10020,Elena,VD-10005,Sofia Bergara,https://dl.dropboxusercontent.com/s/id0gj57k6z3m73q/A34.png,1,ESTE,San Pedro de Macorís,18.4517,-69.2994,P-10005,Aceite,https://cdn-icons-png.freepik.com/512/5029/5029264.png,18,100,1800
2020-04-05,21,C-10021,Javier,VD-10006,Jorge Ramos,https://dl.dropbox.com/s/1f9hzgblcmuen4a/A10.png,2,CIBAO,Santiago,19.4517,-70.697,P-10006,Arroz,https://encrypted-tbn0.gstatic.com/images?q=tbn:ANd9GcQ4_WmdkkAcceSl35xcwCOyP36s_xHnu0Yh2A&s,18,25,450
2020-04-08,22,C-10022,Sara,VD-10007,Juan Comila,https://dl.dropbox.com/s/jveyj0btov87izo/A38.png,2,CIBAO,Puerto Plata,19.7903,-70.6871,P-10007,Huevos,https://acdn.mitiendanube.com/stores/001/926/707/products/mesa-de-trabajo-11-ab4aedeb4966ce692416358047799893-640-0.png,25,5,125
2020-04-26,23,C-10023,Andrés,VD-10008,Juan Gabrie;,https://dl.dropbox.com/s/z4geyw1u2psmm47/A16.png,2,CIBAO,Duarte,19.2957,-70.255,P-10008,Yogur,https://perulabecologic.com.pe/wp-content/uploads/2020/04/yogurt-natural-botella.png,90,45,4050
2020-05-02,24,C-10024,Claudia,VD-10009,Juan Perez,https://dl.dropbox.com/s/4bz1xriny7ro04g/A40.png,2,CIBAO,Espaillat,19.3901,-70.5253,P-10009,Aceite de oliva,https://studikard.com/wp-content/uploads/2021/11/Aceite-de-oliva-extra-virgen.png,71,200,14200
2020-05-08,25,C-10025,Manuel,VD-10010,Juan Gabrie;,https://dl.dropbox.com/s/z4geyw1u2psmm47/A16.png,2,CIBAO,La Vega,19.2225,-70.5297,P-10010,Agua potable,https://www.lenntech.com/images/Water/bottled.png,14,15,210
2020-05-11,26,C-10026,Patricia,VD-10011,Juan Perez,https://dl.dropbox.com/s/4bz1xriny7ro04g/A40.png,3,SUR,Azua,18.454,-70.729,P-10011,Verduras frescas,https://img.pikbest.com/origin/09/05/38/99KpIkbEsTxDy.png!w700wp,88,30,2640
2020-05-11,27,C-10027,David,VD-10012,Maria Vizcaino,https://dl.dropbox.com/s/yxe96df3xrzoc4y/A44.png,3,SUR,Barahona,18.2085,-71.1008,P-10012,Carne de pollo,https://carnessanpietro.com/wp-content/uploads/2023/12/carne_carne-para-bistec.png,40,75,3000
2020-05-14,28,C-10028,Teresa,VD-10013,Carlos Santos,https://dl.dropbox.com/s/0jkab8w6ie0h91z/A42.png,3,SUR,San Juan,18.8059,-71.2299,P-10013,Pescado,https://res.cloudinary.com/oita/image/upload/v1688057414/Merco/Parte%205/7720_PESCADO_PARA_CALDO_m4getv.png,35,120,4200
2020-05-15,29,C-10029,Sergio,VD-10014,Ana Santana,https://dl.dropboxusercontent.com/s/2lks10yyiurw2b0/A33.png,3,SUR,San Cristóbal,18.4154,-70.1119,P-10014,Queso,https://covica.es/wp-content/uploads/2022/11/QUESOS_36-removebg-preview.png,78,90,7020
2020-05-19,30,C-10030,Julia,VD-10015,Sofia Bergara,https://dl.dropboxusercontent.com/s/id0gj57k6z3m73q/A34.png,3,SUR,Peravia,18.2796,-70.3316,P-10015,Miel,https://prodexspa.com/wp-content/uploads/2023/05/foto_miel_apoyo_low.png,65,80,5200
2020-05-21,31,C-10001,Alejandro,VD-10001,Juan Perez,https://dl.dropbox.com/s/4bz1xriny7ro04g/A40.png,1,ESTE,La Altagracia,18.6154,-68.7073,P-10001,Leche,https://png.pngtree.com/png-vector/20240206/ourmid/pngtree-gallon-of-milk-isolated-on-white-drink-cutout-lactosefresh-png-image_11635524.png,1,30,30
2020-05-29,32,C-10002,María,VD-10002,Maria Vizcaino,https://dl.dropbox.com/s/yxe96df3xrzoc4y/A44.png,1,ESTE,El Seibo,18.7652,-69.0381,P-10002,Legumbres,https://hslegumbres.com.ar/wp-content/uploads/2019/09/legumbres-min.png,34,50,1700
2020-06-05,33,C-10003,José,VD-10003,Ana Santana,https://dl.dropboxusercontent.com/s/2lks10yyiurw2b0/A33.png,1,ESTE,Hato Mayor,18.7625,-69.2568,P-10003,Frutas frescas,https://png.pngtree.com/png-clipart/20231122/original/pngtree-group-of-fresh-fruits-many-photo-png-image_13690072.png,14,40,560
2020-06-06,34,C-10004,Laura,VD-10004,Luis Diaz,https://dl.dropbox.com/s/zgx7g0h0mxubhao/A21.png,1,ESTE,La Romana,18.4339,-68.9666,P-10004,Pan integral,https://png.pngtree.com/png-clipart/20230929/original/pngtree-whole-wheat-bread-cutout-png-file-png-image_13018044.png,75,35,2625
2020-06-07,35,C-10005,Carlos,VD-10005,Sofia Bergara,https://dl.dropboxusercontent.com/s/id0gj57k6z3m73q/A34.png,1,ESTE,San Pedro de Macorís,18.4517,-69.2994,P-10005,Aceite,https://cdn-icons-png.freepik.com/512/5029/5029264.png,30,100,3000
2020-06-12,36,C-10006,Lucía,VD-10006,Jorge Ramos,https://dl.dropbox.com/s/1f9hzgblcmuen4a/A10.png,2,CIBAO,Santiago,19.4517,-70.697,P-10006,Arroz,https://encrypted-tbn0.gstatic.com/images?q=tbn:ANd9GcQ4_WmdkkAcceSl35xcwCOyP36s_xHnu0Yh2A&s,67,25,1675
2020-06-13,37,C-10007,Juan,VD-10007,Juan Comila,https://dl.dropbox.com/s/jveyj0btov87izo/A38.png,2,CIBAO,Puerto Plata,19.7903,-70.6871,P-10007,Huevos,https://acdn.mitiendanube.com/stores/001/926/707/products/mesa-de-trabajo-11-ab4aedeb4966ce692416358047799893-640-0.png,25,5,125
2020-06-25,38,C-10008,Ana,VD-10008,Juan Gabrie;,https://dl.dropbox.com/s/z4geyw1u2psmm47/A16.png,2,CIBAO,Duarte,19.2957,-70.255,P-10008,Yogur,https://perulabecologic.com.pe/wp-content/uploads/2020/04/yogurt-natural-botella.png,50,45,2250
2020-06-26,39,C-10009,Luis,VD-10009,Juan Perez,https://dl.dropbox.com/s/4bz1xriny7ro04g/A40.png,2,CIBAO,Espaillat,19.3901,-70.5253,P-10009,Aceite de oliva,https://studikard.com/wp-content/uploads/2021/11/Aceite-de-oliva-extra-virgen.png,42,200,8400
2020-06-29,40,C-10010,Carmen,VD-10010,Juan Gabrie;,https://dl.dropbox.com/s/z4geyw1u2psmm47/A16.png,2,CIBAO,La Vega,19.2225,-70.5297,P-10010,Agua potable,https://www.lenntech.com/images/Water/bottled.png,81,15,1215
2020-06-30,41,C-10011,Miguel,VD-10011,Juan Perez,https://dl.dropbox.com/s/4bz1xriny7ro04g/A40.png,3,SUR,Azua,18.454,-70.729,P-10011,Verduras frescas,https://img.pikbest.com/origin/09/05/38/99KpIkbEsTxDy.png!w700wp,9,30,270
2020-07-06,42,C-10012,Sofía,VD-10012,Maria Vizcaino,https://dl.dropbox.com/s/yxe96df3xrzoc4y/A44.png,3,SUR,Barahona,18.2085,-71.1008,P-10012,Carne de pollo,https://carnessanpietro.com/wp-content/uploads/2023/12/carne_carne-para-bistec.png,57,75,4275
2020-07-09,43,C-10013,Pablo,VD-10013,Carlos Santos,https://dl.dropbox.com/s/0jkab8w6ie0h91z/A42.png,3,SUR,San Juan,18.8059,-71.2299,P-10013,Pescado,https://res.cloudinary.com/oita/image/upload/v1688057414/Merco/Parte%205/7720_PESCADO_PARA_CALDO_m4getv.png,2,120,240
2020-07-10,44,C-10014,Isabel,VD-10014,Ana Santana,https://dl.dropboxusercontent.com/s/2lks10yyiurw2b0/A33.png,3,SUR,San Cristóbal,18.4154,-70.1119,P-10014,Queso,https://covica.es/wp-content/uploads/2022/11/QUESOS_36-removebg-preview.png,72,90,6480
2020-07-10,45,C-10015,Diego,VD-10015,Sofia Bergara,https://dl.dropboxusercontent.com/s/id0gj57k6z3m73q/A34.png,3,SUR,Peravia,18.2796,-70.3316,P-10015,Miel,https://prodexspa.com/wp-content/uploads/2023/05/foto_miel_apoyo_low.png,89,80,7120
2020-07-11,46,C-10016,Paula,VD-10001,Juan Perez,https://dl.dropbox.com/s/4bz1xriny7ro04g/A40.png,1,ESTE,La Altagracia,18.6154,-68.7073,P-10001,Leche,https://png.pngtree.com/png-vector/20240206/ourmid/pngtree-gallon-of-milk-isolated-on-white-drink-cutout-lactosefresh-png-image_11635524.png,97,30,2910
2020-07-12,47,C-10017,Francisco,VD-10002,Maria Vizcaino,https://dl.dropbox.com/s/yxe96df3xrzoc4y/A44.png,1,ESTE,El Seibo,18.7652,-69.0381,P-10002,Legumbres,https://hslegumbres.com.ar/wp-content/uploads/2019/09/legumbres-min.png,38,50,1900
2020-07-22,48,C-10018,Marta,VD-10003,Ana Santana,https://dl.dropboxusercontent.com/s/2lks10yyiurw2b0/A33.png,1,ESTE,Hato Mayor,18.7625,-69.2568,P-10003,Frutas frescas,https://png.pngtree.com/png-clipart/20231122/original/pngtree-group-of-fresh-fruits-many-photo-png-image_13690072.png,5,40,200
2020-07-25,49,C-10019,Antonio,VD-10004,Luis Diaz,https://dl.dropbox.com/s/zgx7g0h0mxubhao/A21.png,1,ESTE,La Romana,18.4339,-68.9666,P-10004,Pan integral,https://png.pngtree.com/png-clipart/20230929/original/pngtree-whole-wheat-bread-cutout-png-file-png-image_13018044.png,97,35,3395
2020-08-01,50,C-10020,Elena,VD-10005,Sofia Bergara,https://dl.dropboxusercontent.com/s/id0gj57k6z3m73q/A34.png,1,ESTE,San Pedro de Macorís,18.4517,-69.2994,P-10005,Aceite,https://cdn-icons-png.freepik.com/512/5029/5029264.png,5,100,500
2020-08-20,51,C-10021,Javier,VD-10006,Jorge Ramos,https://dl.dropbox.com/s/1f9hzgblcmuen4a/A10.png,2,CIBAO,Santiago,19.4517,-70.697,P-10006,Arroz,https://encrypted-tbn0.gstatic.com/images?q=tbn:ANd9GcQ4_WmdkkAcceSl35xcwCOyP36s_xHnu0Yh2A&s,16,25,400
2020-08-26,52,C-10022,Sara,VD-10007,Juan Comila,https://dl.dropbox.com/s/jveyj0btov87izo/A38.png,2,CIBAO,Puerto Plata,19.7903,-70.6871,P-10007,Huevos,https://acdn.mitiendanube.com/stores/001/926/707/products/mesa-de-trabajo-11-ab4aedeb4966ce692416358047799893-640-0.png,4,5,20
2020-09-04,53,C-10023,Andrés,VD-10008,Juan Gabrie;,https://dl.dropbox.com/s/z4geyw1u2psmm47/A16.png,2,CIBAO,Duarte,19.2957,-70.255,P-10008,Yogur,https://perulabecologic.com.pe/wp-content/uploads/2020/04/yogurt-natural-botella.png,77,45,3465
2020-09-09,54,C-10024,Claudia,VD-10009,Juan Perez,https://dl.dropbox.com/s/4bz1xriny7ro04g/A40.png,2,CIBAO,Espaillat,19.3901,-70.5253,P-10009,Aceite de oliva,https://studikard.com/wp-content/uploads/2021/11/Aceite-de-oliva-extra-virgen.png,50,200,10000
2020-09-12,55,C-10025,Manuel,VD-10010,Juan Gabrie;,https://dl.dropbox.com/s/z4geyw1u2psmm47/A16.png,2,CIBAO,La Vega,19.2225,-70.5297,P-10010,Agua potable,https://www.lenntech.com/images/Water/bottled.png,100,15,1500
2020-09-18,56,C-10026,Patricia,VD-10011,Juan Perez,https://dl.dropbox.com/s/4bz1xriny7ro04g/A40.png,3,SUR,Azua,18.454,-70.729,P-10011,Verduras frescas,https://img.pikbest.com/origin/09/05/38/99KpIkbEsTxDy.png!w700wp,54,30,1620
2020-09-28,57,C-10027,David,VD-10012,Maria Vizcaino,https://dl.dropbox.com/s/yxe96df3xrzoc4y/A44.png,3,SUR,Barahona,18.2085,-71.1008,P-10012,Carne de pollo,https://carnessanpietro.com/wp-content/uploads/2023/12/carne_carne-para-bistec.png,23,75,1725
2020-10-04,58,C-10028,Teresa,VD-10013,Carlos Santos,https://dl.dropbox.com/s/0jkab8w6ie0h91z/A42.png,3,SUR,San Juan,18.8059,-71.2299,P-10013,Pescado,https://res.cloudinary.com/oita/image/upload/v1688057414/Merco/Parte%205/7720_PESCADO_PARA_CALDO_m4getv.png,40,120,4800
2020-10-08,59,C-10029,Sergio,VD-10014,Ana Santana,https://dl.dropboxusercontent.com/s/2lks10yyiurw2b0/A33.png,3,SUR,San Cristóbal,18.4154,-70.1119,P-10014,Queso,https://covica.es/wp-content/uploads/2022/11/QUESOS_36-removebg-preview.png,39,90,3510
2020-10-11,60,C-10030,Julia,VD-10015,Sofia Bergara,https://dl.dropboxusercontent.com/s/id0gj57k6z3m73q/A34.png,3,SUR,Peravia,18.2796,-70.3316,P-10015,Miel,https://prodexspa.com/wp-content/uploads/2023/05/foto_miel_apoyo_low.png,19,80,1520
2020-10-14,61,C-10001,Alejandro,VD-10001,Juan Perez,https://dl.dropbox.com/s/4bz1xriny7ro04g/A40.png,1,ESTE,La Altagracia,18.6154,-68.7073,P-10001,Leche,https://png.pngtree.com/png-vector/20240206/ourmid/pngtree-gallon-of-milk-isolated-on-white-drink-cutout-lactosefresh-png-image_11635524.png,47,30,1410
2020-10-18,62,C-10002,María,VD-10002,Maria Vizcaino,https://dl.dropbox.com/s/yxe96df3xrzoc4y/A44.png,1,ESTE,El Seibo,18.7652,-69.0381,P-10002,Legumbres,https://hslegumbres.com.ar/wp-content/uploads/2019/09/legumbres-min.png,67,50,3350
2020-10-25,63,C-10003,José,VD-10003,Ana Santana,https://dl.dropboxusercontent.com/s/2lks10yyiurw2b0/A33.png,1,ESTE,Hato Mayor,18.7625,-69.2568,P-10003,Frutas frescas,https://png.pngtree.com/png-clipart/20231122/original/pngtree-group-of-fresh-fruits-many-photo-png-image_13690072.png,82,40,3280
2020-10-25,64,C-10004,Laura,VD-10004,Luis Diaz,https://dl.dropbox.com/s/zgx7g0h0mxubhao/A21.png,1,ESTE,La Romana,18.4339,-68.9666,P-10004,Pan integral,https://png.pngtree.com/png-clipart/20230929/original/pngtree-whole-wheat-bread-cutout-png-file-png-image_13018044.png,24,35,840
2020-10-31,65,C-10005,Carlos,VD-10005,Sofia Bergara,https://dl.dropboxusercontent.com/s/id0gj57k6z3m73q/A34.png,1,ESTE,San Pedro de Macorís,18.4517,-69.2994,P-10005,Aceite,https://cdn-icons-png.freepik.com/512/5029/5029264.png,3,100,300
2020-10-31,66,C-10006,Lucía,VD-10006,Jorge Ramos,https://dl.dropbox.com/s/1f9hzgblcmuen4a/A10.png,2,CIBAO,Santiago,19.4517,-70.697,P-10006,Arroz,https://encrypted-tbn0.gstatic.com/images?q=tbn:ANd9GcQ4_WmdkkAcceSl35xcwCOyP36s_xHnu0Yh2A&s,84,25,2100
2020-11-09,67,C-10007,Juan,VD-10007,Juan Comila,https://dl.dropbox.com/s/jveyj0btov87izo/A38.png,2,CIBAO,Puerto Plata,19.7903,-70.6871,P-10007,Huevos,https://acdn.mitiendanube.com/stores/001/926/707/products/mesa-de-trabajo-11-ab4aedeb4966ce692416358047799893-640-0.png,68,5,340
2020-11-15,68,C-10008,Ana,VD-10008,Juan Gabrie;,https://dl.dropbox.com/s/z4geyw1u2psmm47/A16.png,2,CIBAO,Duarte,19.2957,-70.255,P-10008,Yogur,https://perulabecologic.com.pe/wp-content/uploads/2020/04/yogurt-natural-botella.png,67,45,3015
2020-11-23,69,C-10009,Luis,VD-10009,Juan Perez,https://dl.dropbox.com/s/4bz1xriny7ro04g/A40.png,2,CIBAO,Espaillat,19.3901,-70.5253,P-10009,Aceite de oliva,https://studikard.com/wp-content/uploads/2021/11/Aceite-de-oliva-extra-virgen.png,59,200,11800
2020-12-06,70,C-10010,Carmen,VD-10010,Juan Gabrie;,https://dl.dropbox.com/s/z4geyw1u2psmm47/A16.png,2,CIBAO,La Vega,19.2225,-70.5297,P-10010,Agua potable,https://www.lenntech.com/images/Water/bottled.png,93,15,1395
2020-12-06,71,C-10011,Miguel,VD-10011,Juan Perez,https://dl.dropbox.com/s/4bz1xriny7ro04g/A40.png,3,SUR,Azua,18.454,-70.729,P-10011,Verduras frescas,https://img.pikbest.com/origin/09/05/38/99KpIkbEsTxDy.png!w700wp,62,30,1860
2020-12-07,72,C-10012,Sofía,VD-10012,Maria Vizcaino,https://dl.dropbox.com/s/yxe96df3xrzoc4y/A44.png,3,SUR,Barahona,18.2085,-71.1008,P-10012,Carne de pollo,https://carnessanpietro.com/wp-content/uploads/2023/12/carne_carne-para-bistec.png,67,75,5025
2020-12-14,73,C-10013,Pablo,VD-10013,Carlos Santos,https://dl.dropbox.com/s/0jkab8w6ie0h91z/A42.png,3,SUR,San Juan,18.8059,-71.2299,P-10013,Pescado,https://res.cloudinary.com/oita/image/upload/v1688057414/Merco/Parte%205/7720_PESCADO_PARA_CALDO_m4getv.png,25,120,3000
2020-12-16,74,C-10014,Isabel,VD-10014,Ana Santana,https://dl.dropboxusercontent.com/s/2lks10yyiurw2b0/A33.png,3,SUR,San Cristóbal,18.4154,-70.1119,P-10014,Queso,https://covica.es/wp-content/uploads/2022/11/QUESOS_36-removebg-preview.png,46,90,4140
2020-12-16,75,C-10015,Diego,VD-10015,Sofia Bergara,https://dl.dropboxusercontent.com/s/id0gj57k6z3m73q/A34.png,3,SUR,Peravia,18.2796,-70.3316,P-10015,Miel,https://prodexspa.com/wp-content/uploads/2023/05/foto_miel_apoyo_low.png,19,80,1520
2020-12-22,76,C-10016,Paula,VD-10001,Juan Perez,https://dl.dropbox.com/s/4bz1xriny7ro04g/A40.png,1,ESTE,La Altagracia,18.6154,-68.7073,P-10001,Leche,https://png.pngtree.com/png-vector/20240206/ourmid/pngtree-gallon-of-milk-isolated-on-white-drink-cutout-lactosefresh-png-image_11635524.png,50,30,1500
2020-12-25,77,C-10017,Francisco,VD-10002,Maria Vizcaino,https://dl.dropbox.com/s/yxe96df3xrzoc4y/A44.png,1,ESTE,El Seibo,18.7652,-69.0381,P-10002,Legumbres,https://hslegumbres.com.ar/wp-content/uploads/2019/09/legumbres-min.png,61,50,3050
2020-12-26,78,C-10018,Marta,VD-10003,Ana Santana,https://dl.dropboxusercontent.com/s/2lks10yyiurw2b0/A33.png,1,ESTE,Hato Mayor,18.7625,-69.2568,P-10003,Frutas frescas,https://png.pngtree.com/png-clipart/20231122/original/pngtree-group-of-fresh-fruits-many-photo-png-image_13690072.png,59,40,2360
2020-12-27,79,C-10019,Antonio,VD-10004,Luis Diaz,https://dl.dropbox.com/s/zgx7g0h0mxubhao/A21.png,1,ESTE,La Romana,18.4339,-68.9666,P-10004,Pan integral,https://png.pngtree.com/png-clipart/20230929/original/pngtree-whole-wheat-bread-cutout-png-file-png-image_13018044.png,56,35,1960
2020-12-28,80,C-10020,Elena,VD-10005,Sofia Bergara,https://dl.dropboxusercontent.com/s/id0gj57k6z3m73q/A34.png,1,ESTE,San Pedro de Macorís,18.4517,-69.2994,P-10005,Aceite,https://cdn-icons-png.freepik.com/512/5029/5029264.png,4,100,400
2021-01-05,81,C-10021,Javier,VD-10006,Jorge Ramos,https://dl.dropbox.com/s/1f9hzgblcmuen4a/A10.png,2,CIBAO,Santiago,19.4517,-70.697,P-10006,Arroz,https://encrypted-tbn0.gstatic.com/images?q=tbn:ANd9GcQ4_WmdkkAcceSl35xcwCOyP36s_xHnu0Yh2A&s,59,25,1475
2021-01-09,82,C-10022,Sara,VD-10007,Juan Comila,https://dl.dropbox.com/s/jveyj0btov87izo/A38.png,2,CIBAO,Puerto Plata,19.7903,-70.6871,P-10007,Huevos,https://acdn.mitiendanube.com/stores/001/926/707/products/mesa-de-trabajo-11-ab4aedeb4966ce692416358047799893-640-0.png,71,5,355
2021-01-13,83,C-10023,Andrés,VD-10008,Juan Gabrie;,https://dl.dropbox.com/s/z4geyw1u2psmm47/A16.png,2,CIBAO,Duarte,19.2957,-70.255,P-10008,Yogur,https://perulabecologic.com.pe/wp-content/uploads/2020/04/yogurt-natural-botella.png,84,45,3780
2021-01-15,84,C-10024,Claudia,VD-10009,Juan Perez,https://dl.dropbox.com/s/4bz1xriny7ro04g/A40.png,2,CIBAO,Espaillat,19.3901,-70.5253,P-10009,Aceite de oliva,https://studikard.com/wp-content/uploads/2021/11/Aceite-de-oliva-extra-virgen.png,47,200,9400
2021-01-15,85,C-10025,Manuel,VD-10010,Juan Gabrie;,https://dl.dropbox.com/s/z4geyw1u2psmm47/A16.png,2,CIBAO,La Vega,19.2225,-70.5297,P-10010,Agua potable,https://www.lenntech.com/images/Water/bottled.png,85,15,1275
2021-01-24,86,C-10026,Patricia,VD-10011,Juan Perez,https://dl.dropbox.com/s/4bz1xriny7ro04g/A40.png,3,SUR,Azua,18.454,-70.729,P-10011,Verduras frescas,https://img.pikbest.com/origin/09/05/38/99KpIkbEsTxDy.png!w700wp,71,30,2130
2021-01-29,87,C-10027,David,VD-10012,Maria Vizcaino,https://dl.dropbox.com/s/yxe96df3xrzoc4y/A44.png,3,SUR,Barahona,18.2085,-71.1008,P-10012,Carne de pollo,https://carnessanpietro.com/wp-content/uploads/2023/12/carne_carne-para-bistec.png,60,75,4500
2021-02-01,88,C-10028,Teresa,VD-10013,Carlos Santos,https://dl.dropbox.com/s/0jkab8w6ie0h91z/A42.png,3,SUR,San Juan,18.8059,-71.2299,P-10013,Pescado,https://res.cloudinary.com/oita/image/upload/v1688057414/Merco/Parte%205/7720_PESCADO_PARA_CALDO_m4getv.png,51,120,6120
2021-02-05,89,C-10029,Sergio,VD-10014,Ana Santana,https://dl.dropboxusercontent.com/s/2lks10yyiurw2b0/A33.png,3,SUR,San Cristóbal,18.4154,-70.1119,P-10014,Queso,https://covica.es/wp-content/uploads/2022/11/QUESOS_36-removebg-preview.png,80,90,7200
2021-02-05,90,C-10030,Julia,VD-10015,Sofia Bergara,https://dl.dropboxusercontent.com/s/id0gj57k6z3m73q/A34.png,3,SUR,Peravia,18.2796,-70.3316,P-10015,Miel,https://prodexspa.com/wp-content/uploads/2023/05/foto_miel_apoyo_low.png,58,80,4640
2021-02-10,91,C-10001,Alejandro,VD-10001,Juan Perez,https://dl.dropbox.com/s/4bz1xriny7ro04g/A40.png,1,ESTE,La Altagracia,18.6154,-68.7073,P-10001,Leche,https://png.pngtree.com/png-vector/20240206/ourmid/pngtree-gallon-of-milk-isolated-on-white-drink-cutout-lactosefresh-png-image_11635524.png,20,30,600
2021-02-11,92,C-10002,María,VD-10002,Maria Vizcaino,https://dl.dropbox.com/s/yxe96df3xrzoc4y/A44.png,1,ESTE,El Seibo,18.7652,-69.0381,P-10002,Legumbres,https://hslegumbres.com.ar/wp-content/uploads/2019/09/legumbres-min.png,28,50,1400
2021-02-11,93,C-10003,José,VD-10003,Ana Santana,https://dl.dropboxusercontent.com/s/2lks10yyiurw2b0/A33.png,1,ESTE,Hato Mayor,18.7625,-69.2568,P-10003,Frutas frescas,https://png.pngtree.com/png-clipart/20231122/original/pngtree-group-of-fresh-fruits-many-photo-png-image_13690072.png,13,40,520
2021-02-14,94,C-10004,Laura,VD-10004,Luis Diaz,https://dl.dropbox.com/s/zgx7g0h0mxubhao/A21.png,1,ESTE,La Romana,18.4339,-68.9666,P-10004,Pan integral,https://png.pngtree.com/png-clipart/20230929/original/pngtree-whole-wheat-bread-cutout-png-file-png-image_13018044.png,88,35,3080
2021-02-15,95,C-10005,Carlos,VD-10005,Sofia Bergara,https://dl.dropboxusercontent.com/s/id0gj57k6z3m73q/A34.png,1,ESTE,San Pedro de Macorís,18.4517,-69.2994,P-10005,Aceite,https://cdn-icons-png.freepik.com/512/5029/5029264.png,99,100,9900
2021-02-21,96,C-10006,Lucía,VD-10006,Jorge Ramos,https://dl.dropbox.com/s/1f9hzgblcmuen4a/A10.png,2,CIBAO,Santiago,19.4517,-70.697,P-10006,Arroz,https://encrypted-tbn0.gstatic.com/images?q=tbn:ANd9GcQ4_WmdkkAcceSl35xcwCOyP36s_xHnu0Yh2A&s,27,25,675
2021-03-01,97,C-10007,Juan,VD-10007,Juan Comila,https://dl.dropbox.com/s/jveyj0btov87izo/A38.png,2,CIBAO,Puerto Plata,19.7903,-70.6871,P-10007,Huevos,https://acdn.mitiendanube.com/stores/001/926/707/products/mesa-de-trabajo-11-ab4aedeb4966ce692416358047799893-640-0.png,13,5,65
2021-03-17,98,C-10008,Ana,VD-10008,Juan Gabrie;,https://dl.dropbox.com/s/z4geyw1u2psmm47/A16.png,2,CIBAO,Duarte,19.2957,-70.255,P-10008,Yogur,https://perulabecologic.com.pe/wp-content/uploads/2020/04/yogurt-natural-botella.png,84,45,3780
2021-03-18,99,C-10009,Luis,VD-10009,Juan Perez,https://dl.dropbox.com/s/4bz1xriny7ro04g/A40.png,2,CIBAO,Espaillat,19.3901,-70.5253,P-10009,Aceite de oliva,https://studikard.com/wp-content/uploads/2021/11/Aceite-de-oliva-extra-virgen.png,24,200,4800
2021-03-30,100,C-10010,Carmen,VD-10010,Juan Gabrie;,https://dl.dropbox.com/s/z4geyw1u2psmm47/A16.png,2,CIBAO,La Vega,19.2225,-70.5297,P-10010,Agua potable,https://www.lenntech.com/images/Water/bottled.png,1,15,15
2021-04-10,101,C-10011,Miguel,VD-10011,Juan Perez,https://dl.dropbox.com/s/4bz1xriny7ro04g/A40.png,3,SUR,Azua,18.454,-70.729,P-10011,Verduras frescas,https://img.pikbest.com/origin/09/05/38/99KpIkbEsTxDy.png!w700wp,21,30,630
2021-04-10,102,C-10012,Sofía,VD-10012,Maria Vizcaino,https://dl.dropbox.com/s/yxe96df3xrzoc4y/A44.png,3,SUR,Barahona,18.2085,-71.1008,P-10012,Carne de pollo,https://carnessanpietro.com/wp-content/uploads/2023/12/carne_carne-para-bistec.png,15,75,1125
2021-04-19,103,C-10013,Pablo,VD-10013,Carlos Santos,https://dl.dropbox.com/s/0jkab8w6ie0h91z/A42.png,3,SUR,San Juan,18.8059,-71.2299,P-10013,Pescado,https://res.cloudinary.com/oita/image/upload/v1688057414/Merco/Parte%205/7720_PESCADO_PARA_CALDO_m4getv.png,67,120,8040
2021-04-19,104,C-10014,Isabel,VD-10014,Ana Santana,https://dl.dropboxusercontent.com/s/2lks10yyiurw2b0/A33.png,3,SUR,San Cristóbal,18.4154,-70.1119,P-10014,Queso,https://covica.es/wp-content/uploads/2022/11/QUESOS_36-removebg-preview.png,45,90,4050
2021-04-26,105,C-10015,Diego,VD-10015,Sofia Bergara,https://dl.dropboxusercontent.com/s/id0gj57k6z3m73q/A34.png,3,SUR,Peravia,18.2796,-70.3316,P-10015,Miel,https://prodexspa.com/wp-content/uploads/2023/05/foto_miel_apoyo_low.png,19,80,1520
2021-04-30,106,C-10016,Paula,VD-10001,Juan Perez,https://dl.dropbox.com/s/4bz1xriny7ro04g/A40.png,1,ESTE,La Altagracia,18.6154,-68.7073,P-10001,Leche,https://png.pngtree.com/png-vector/20240206/ourmid/pngtree-gallon-of-milk-isolated-on-white-drink-cutout-lactosefresh-png-image_11635524.png,15,30,450
2021-05-03,107,C-10017,Francisco,VD-10002,Maria Vizcaino,https://dl.dropbox.com/s/yxe96df3xrzoc4y/A44.png,1,ESTE,El Seibo,18.7652,-69.0381,P-10002,Legumbres,https://hslegumbres.com.ar/wp-content/uploads/2019/09/legumbres-min.png,6,50,300
2021-05-10,108,C-10018,Marta,VD-10003,Ana Santana,https://dl.dropboxusercontent.com/s/2lks10yyiurw2b0/A33.png,1,ESTE,Hato Mayor,18.7625,-69.2568,P-10003,Frutas frescas,https://png.pngtree.com/png-clipart/20231122/original/pngtree-group-of-fresh-fruits-many-photo-png-image_13690072.png,42,40,1680
2021-05-12,109,C-10019,Antonio,VD-10004,Luis Diaz,https://dl.dropbox.com/s/zgx7g0h0mxubhao/A21.png,1,ESTE,La Romana,18.4339,-68.9666,P-10004,Pan integral,https://png.pngtree.com/png-clipart/20230929/original/pngtree-whole-wheat-bread-cutout-png-file-png-image_13018044.png,68,35,2380
2021-05-27,110,C-10020,Elena,VD-10005,Sofia Bergara,https://dl.dropboxusercontent.com/s/id0gj57k6z3m73q/A34.png,1,ESTE,San Pedro de Macorís,18.4517,-69.2994,P-10005,Aceite,https://cdn-icons-png.freepik.com/512/5029/5029264.png,37,100,3700
2021-06-01,111,C-10021,Javier,VD-10006,Jorge Ramos,https://dl.dropbox.com/s/1f9hzgblcmuen4a/A10.png,2,CIBAO,Santiago,19.4517,-70.697,P-10006,Arroz,https://encrypted-tbn0.gstatic.com/images?q=tbn:ANd9GcQ4_WmdkkAcceSl35xcwCOyP36s_xHnu0Yh2A&s,80,25,2000
2021-06-12,112,C-10022,Sara,VD-10007,Juan Comila,https://dl.dropbox.com/s/jveyj0btov87izo/A38.png,2,CIBAO,Puerto Plata,19.7903,-70.6871,P-10007,Huevos,https://acdn.mitiendanube.com/stores/001/926/707/products/mesa-de-trabajo-11-ab4aedeb4966ce692416358047799893-640-0.png,63,5,315
2021-06-14,113,C-10023,Andrés,VD-10008,Juan Gabrie;,https://dl.dropbox.com/s/z4geyw1u2psmm47/A16.png,2,CIBAO,Duarte,19.2957,-70.255,P-10008,Yogur,https://perulabecologic.com.pe/wp-content/uploads/2020/04/yogurt-natural-botella.png,20,45,900
2021-06-14,114,C-10024,Claudia,VD-10009,Juan Perez,https://dl.dropbox.com/s/4bz1xriny7ro04g/A40.png,2,CIBAO,Espaillat,19.3901,-70.5253,P-10009,Aceite de oliva,https://studikard.com/wp-content/uploads/2021/11/Aceite-de-oliva-extra-virgen.png,39,200,7800
2021-06-20,115,C-10025,Manuel,VD-10010,Juan Gabrie;,https://dl.dropbox.com/s/z4geyw1u2psmm47/A16.png,2,CIBAO,La Vega,19.2225,-70.5297,P-10010,Agua potable,https://www.lenntech.com/images/Water/bottled.png,73,15,1095
2021-06-21,116,C-10026,Patricia,VD-10011,Juan Perez,https://dl.dropbox.com/s/4bz1xriny7ro04g/A40.png,3,SUR,Azua,18.454,-70.729,P-10011,Verduras frescas,https://img.pikbest.com/origin/09/05/38/99KpIkbEsTxDy.png!w700wp,99,30,2970
2021-06-28,117,C-10027,David,VD-10012,Maria Vizcaino,https://dl.dropbox.com/s/yxe96df3xrzoc4y/A44.png,3,SUR,Barahona,18.2085,-71.1008,P-10012,Carne de pollo,https://carnessanpietro.com/wp-content/uploads/2023/12/carne_carne-para-bistec.png,98,75,7350
2021-07-02,118,C-10028,Teresa,VD-10013,Carlos Santos,https://dl.dropbox.com/s/0jkab8w6ie0h91z/A42.png,3,SUR,San Juan,18.8059,-71.2299,P-10013,Pescado,https://res.cloudinary.com/oita/image/upload/v1688057414/Merco/Parte%205/7720_PESCADO_PARA_CALDO_m4getv.png,26,120,3120
2021-07-10,119,C-10029,Sergio,VD-10014,Ana Santana,https://dl.dropboxusercontent.com/s/2lks10yyiurw2b0/A33.png,3,SUR,San Cristóbal,18.4154,-70.1119,P-10014,Queso,https://covica.es/wp-content/uploads/2022/11/QUESOS_36-removebg-preview.png,39,90,3510
2021-07-18,120,C-10030,Julia,VD-10015,Sofia Bergara,https://dl.dropboxusercontent.com/s/id0gj57k6z3m73q/A34.png,3,SUR,Peravia,18.2796,-70.3316,P-10015,Miel,https://prodexspa.com/wp-content/uploads/2023/05/foto_miel_apoyo_low.png,24,80,1920
2021-07-22,121,C-10001,Alejandro,VD-10001,Juan Perez,https://dl.dropbox.com/s/4bz1xriny7ro04g/A40.png,1,ESTE,La Altagracia,18.6154,-68.7073,P-10001,Leche,https://png.pngtree.com/png-vector/20240206/ourmid/pngtree-gallon-of-milk-isolated-on-white-drink-cutout-lactosefresh-png-image_11635524.png,57,30,1710
2021-08-05,122,C-10002,María,VD-10002,Maria Vizcaino,https://dl.dropbox.com/s/yxe96df3xrzoc4y/A44.png,1,ESTE,El Seibo,18.7652,-69.0381,P-10002,Legumbres,https://hslegumbres.com.ar/wp-content/uploads/2019/09/legumbres-min.png,2,50,100
2021-08-15,123,C-10003,José,VD-10003,Ana Santana,https://dl.dropboxusercontent.com/s/2lks10yyiurw2b0/A33.png,1,ESTE,Hato Mayor,18.7625,-69.2568,P-10003,Frutas frescas,https://png.pngtree.com/png-clipart/20231122/original/pngtree-group-of-fresh-fruits-many-photo-png-image_13690072.png,86,40,3440
2021-08-15,124,C-10004,Laura,VD-10004,Luis Diaz,https://dl.dropbox.com/s/zgx7g0h0mxubhao/A21.png,1,ESTE,La Romana,18.4339,-68.9666,P-10004,Pan integral,https://png.pngtree.com/png-clipart/20230929/original/pngtree-whole-wheat-bread-cutout-png-file-png-image_13018044.png,17,35,595
2021-08-17,125,C-10005,Carlos,VD-10005,Sofia Bergara,https://dl.dropboxusercontent.com/s/id0gj57k6z3m73q/A34.png,1,ESTE,San Pedro de Macorís,18.4517,-69.2994,P-10005,Aceite,https://cdn-icons-png.freepik.com/512/5029/5029264.png,4,100,400
2021-08-25,126,C-10006,Lucía,VD-10006,Jorge Ramos,https://dl.dropbox.com/s/1f9hzgblcmuen4a/A10.png,2,CIBAO,Santiago,19.4517,-70.697,P-10006,Arroz,https://encrypted-tbn0.gstatic.com/images?q=tbn:ANd9GcQ4_WmdkkAcceSl35xcwCOyP36s_xHnu0Yh2A&s,53,25,1325
2021-09-03,127,C-10007,Juan,VD-10007,Juan Comila,https://dl.dropbox.com/s/jveyj0btov87izo/A38.png,2,CIBAO,Puerto Plata,19.7903,-70.6871,P-10007,Huevos,https://acdn.mitiendanube.com/stores/001/926/707/products/mesa-de-trabajo-11-ab4aedeb4966ce692416358047799893-640-0.png,99,5,495
2021-09-04,128,C-10008,Ana,VD-10008,Juan Gabrie;,https://dl.dropbox.com/s/z4geyw1u2psmm47/A16.png,2,CIBAO,Duarte,19.2957,-70.255,P-10008,Yogur,https://perulabecologic.com.pe/wp-content/uploads/2020/04/yogurt-natural-botella.png,41,45,1845
2021-09-04,129,C-10009,Luis,VD-10009,Juan Perez,https://dl.dropbox.com/s/4bz1xriny7ro04g/A40.png,2,CIBAO,Espaillat,19.3901,-70.5253,P-10009,Aceite de oliva,https://studikard.com/wp-content/uploads/2021/11/Aceite-de-oliva-extra-virgen.png,22,200,4400
2021-09-04,130,C-10010,Carmen,VD-10010,Juan Gabrie;,https://dl.dropbox.com/s/z4geyw1u2psmm47/A16.png,2,CIBAO,La Vega,19.2225,-70.5297,P-10010,Agua potable,https://www.lenntech.com/images/Water/bottled.png,74,15,1110
2021-09-06,131,C-10011,Miguel,VD-10011,Juan Perez,https://dl.dropbox.com/s/4bz1xriny7ro04g/A40.png,3,SUR,Azua,18.454,-70.729,P-10011,Verduras frescas,https://img.pikbest.com/origin/09/05/38/99KpIkbEsTxDy.png!w700wp,21,30,630
2021-09-10,132,C-10012,Sofía,VD-10012,Maria Vizcaino,https://dl.dropbox.com/s/yxe96df3xrzoc4y/A44.png,3,SUR,Barahona,18.2085,-71.1008,P-10012,Carne de pollo,https://carnessanpietro.com/wp-content/uploads/2023/12/carne_carne-para-bistec.png,47,75,3525
2021-09-23,133,C-10013,Pablo,VD-10013,Carlos Santos,https://dl.dropbox.com/s/0jkab8w6ie0h91z/A42.png,3,SUR,San Juan,18.8059,-71.2299,P-10013,Pescado,https://res.cloudinary.com/oita/image/upload/v1688057414/Merco/Parte%205/7720_PESCADO_PARA_CALDO_m4getv.png,94,120,11280
2021-10-01,134,C-10014,Isabel,VD-10014,Ana Santana,https://dl.dropboxusercontent.com/s/2lks10yyiurw2b0/A33.png,3,SUR,San Cristóbal,18.4154,-70.1119,P-10014,Queso,https://covica.es/wp-content/uploads/2022/11/QUESOS_36-removebg-preview.png,99,90,8910
2021-10-04,135,C-10015,Diego,VD-10015,Sofia Bergara,https://dl.dropboxusercontent.com/s/id0gj57k6z3m73q/A34.png,3,SUR,Peravia,18.2796,-70.3316,P-10015,Miel,https://prodexspa.com/wp-content/uploads/2023/05/foto_miel_apoyo_low.png,67,80,5360
2021-10-07,136,C-10016,Paula,VD-10001,Juan Perez,https://dl.dropbox.com/s/4bz1xriny7ro04g/A40.png,1,ESTE,La Altagracia,18.6154,-68.7073,P-10001,Leche,https://png.pngtree.com/png-vector/20240206/ourmid/pngtree-gallon-of-milk-isolated-on-white-drink-cutout-lactosefresh-png-image_11635524.png,91,30,2730
2021-10-14,137,C-10017,Francisco,VD-10002,Maria Vizcaino,https://dl.dropbox.com/s/yxe96df3xrzoc4y/A44.png,1,ESTE,El Seibo,18.7652,-69.0381,P-10002,Legumbres,https://hslegumbres.com.ar/wp-content/uploads/2019/09/legumbres-min.png,93,50,4650
2021-10-15,138,C-10018,Marta,VD-10003,Ana Santana,https://dl.dropboxusercontent.com/s/2lks10yyiurw2b0/A33.png,1,ESTE,Hato Mayor,18.7625,-69.2568,P-10003,Frutas frescas,https://png.pngtree.com/png-clipart/20231122/original/pngtree-group-of-fresh-fruits-many-photo-png-image_13690072.png,65,40,2600
2021-10-22,139,C-10019,Antonio,VD-10004,Luis Diaz,https://dl.dropbox.com/s/zgx7g0h0mxubhao/A21.png,1,ESTE,La Romana,18.4339,-68.9666,P-10004,Pan integral,https://png.pngtree.com/png-clipart/20230929/original/pngtree-whole-wheat-bread-cutout-png-file-png-image_13018044.png,64,35,2240
2021-10-24,140,C-10020,Elena,VD-10005,Sofia Bergara,https://dl.dropboxusercontent.com/s/id0gj57k6z3m73q/A34.png,1,ESTE,San Pedro de Macorís,18.4517,-69.2994,P-10005,Aceite,https://cdn-icons-png.freepik.com/512/5029/5029264.png,75,100,7500
2021-10-27,141,C-10021,Javier,VD-10006,Jorge Ramos,https://dl.dropbox.com/s/1f9hzgblcmuen4a/A10.png,2,CIBAO,Santiago,19.4517,-70.697,P-10006,Arroz,https://encrypted-tbn0.gstatic.com/images?q=tbn:ANd9GcQ4_WmdkkAcceSl35xcwCOyP36s_xHnu0Yh2A&s,63,25,1575
2021-11-04,142,C-10022,Sara,VD-10007,Juan Comila,https://dl.dropbox.com/s/jveyj0btov87izo/A38.png,2,CIBAO,Puerto Plata,19.7903,-70.6871,P-10007,Huevos,https://acdn.mitiendanube.com/stores/001/926/707/products/mesa-de-trabajo-11-ab4aedeb4966ce692416358047799893-640-0.png,48,5,240
2021-11-07,143,C-10023,Andrés,VD-10008,Juan Gabrie;,https://dl.dropbox.com/s/z4geyw1u2psmm47/A16.png,2,CIBAO,Duarte,19.2957,-70.255,P-10008,Yogur,https://perulabecologic.com.pe/wp-content/uploads/2020/04/yogurt-natural-botella.png,94,45,4230
2021-11-09,144,C-10024,Claudia,VD-10009,Juan Perez,https://dl.dropbox.com/s/4bz1xriny7ro04g/A40.png,2,CIBAO,Espaillat,19.3901,-70.5253,P-10009,Aceite de oliva,https://studikard.com/wp-content/uploads/2021/11/Aceite-de-oliva-extra-virgen.png,59,200,11800
2021-11-10,145,C-10025,Manuel,VD-10010,Juan Gabrie;,https://dl.dropbox.com/s/z4geyw1u2psmm47/A16.png,2,CIBAO,La Vega,19.2225,-70.5297,P-10010,Agua potable,https://www.lenntech.com/images/Water/bottled.png,58,15,870
2021-11-14,146,C-10026,Patricia,VD-10011,Juan Perez,https://dl.dropbox.com/s/4bz1xriny7ro04g/A40.png,3,SUR,Azua,18.454,-70.729,P-10011,Verduras frescas,https://img.pikbest.com/origin/09/05/38/99KpIkbEsTxDy.png!w700wp,62,30,1860
2021-11-22,147,C-10027,David,VD-10012,Maria Vizcaino,https://dl.dropbox.com/s/yxe96df3xrzoc4y/A44.png,3,SUR,Barahona,18.2085,-71.1008,P-10012,Carne de pollo,https://carnessanpietro.com/wp-content/uploads/2023/12/carne_carne-para-bistec.png,9,75,675
2021-11-29,148,C-10028,Teresa,VD-10013,Carlos Santos,https://dl.dropbox.com/s/0jkab8w6ie0h91z/A42.png,3,SUR,San Juan,18.8059,-71.2299,P-10013,Pescado,https://res.cloudinary.com/oita/image/upload/v1688057414/Merco/Parte%205/7720_PESCADO_PARA_CALDO_m4getv.png,28,120,3360
2021-12-01,149,C-10029,Sergio,VD-10014,Ana Santana,https://dl.dropboxusercontent.com/s/2lks10yyiurw2b0/A33.png,3,SUR,San Cristóbal,18.4154,-70.1119,P-10014,Queso,https://covica.es/wp-content/uploads/2022/11/QUESOS_36-removebg-preview.png,69,90,6210
2021-12-01,150,C-10030,Julia,VD-10015,Sofia Bergara,https://dl.dropboxusercontent.com/s/id0gj57k6z3m73q/A34.png,3,SUR,Peravia,18.2796,-70.3316,P-10015,Miel,https://prodexspa.com/wp-content/uploads/2023/05/foto_miel_apoyo_low.png,52,80,4160
2021-12-06,151,C-10001,Alejandro,VD-10001,Juan Perez,https://dl.dropbox.com/s/4bz1xriny7ro04g/A40.png,1,ESTE,La Altagracia,18.6154,-68.7073,P-10001,Leche,https://png.pngtree.com/png-vector/20240206/ourmid/pngtree-gallon-of-milk-isolated-on-white-drink-cutout-lactosefresh-png-image_11635524.png,57,30,1710
2021-12-29,152,C-10002,María,VD-10002,Maria Vizcaino,https://dl.dropbox.com/s/yxe96df3xrzoc4y/A44.png,1,ESTE,El Seibo,18.7652,-69.0381,P-10002,Legumbres,https://hslegumbres.com.ar/wp-content/uploads/2019/09/legumbres-min.png,5,50,250
2021-12-30,153,C-10003,José,VD-10003,Ana Santana,https://dl.dropboxusercontent.com/s/2lks10yyiurw2b0/A33.png,1,ESTE,Hato Mayor,18.7625,-69.2568,P-10003,Frutas frescas,https://png.pngtree.com/png-clipart/20231122/original/pngtree-group-of-fresh-fruits-many-photo-png-image_13690072.png,70,40,2800
2022-01-05,154,C-10004,Laura,VD-10004,Luis Diaz,https://dl.dropbox.com/s/zgx7g0h0mxubhao/A21.png,1,ESTE,La Romana,18.4339,-68.9666,P-10004,Pan integral,https://png.pngtree.com/png-clipart/20230929/original/pngtree-whole-wheat-bread-cutout-png-file-png-image_13018044.png,54,35,1890
2022-01-08,155,C-10005,Carlos,VD-10005,Sofia Bergara,https://dl.dropboxusercontent.com/s/id0gj57k6z3m73q/A34.png,1,ESTE,San Pedro de Macorís,18.4517,-69.2994,P-10005,Aceite,https://cdn-icons-png.freepik.com/512/5029/5029264.png,74,100,7400
2022-01-10,156,C-10006,Lucía,VD-10006,Jorge Ramos,https://dl.dropbox.com/s/1f9hzgblcmuen4a/A10.png,2,CIBAO,Santiago,19.4517,-70.697,P-10006,Arroz,https://encrypted-tbn0.gstatic.com/images?q=tbn:ANd9GcQ4_WmdkkAcceSl35xcwCOyP36s_xHnu0Yh2A&s,6,25,150
2022-01-12,157,C-10007,Juan,VD-10007,Juan Comila,https://dl.dropbox.com/s/jveyj0btov87izo/A38.png,2,CIBAO,Puerto Plata,19.7903,-70.6871,P-10007,Huevos,https://acdn.mitiendanube.com/stores/001/926/707/products/mesa-de-trabajo-11-ab4aedeb4966ce692416358047799893-640-0.png,19,5,95
2022-01-14,158,C-10008,Ana,VD-10008,Juan Gabrie;,https://dl.dropbox.com/s/z4geyw1u2psmm47/A16.png,2,CIBAO,Duarte,19.2957,-70.255,P-10008,Yogur,https://perulabecologic.com.pe/wp-content/uploads/2020/04/yogurt-natural-botella.png,72,45,3240
2022-01-20,159,C-10009,Luis,VD-10009,Juan Perez,https://dl.dropbox.com/s/4bz1xriny7ro04g/A40.png,2,CIBAO,Espaillat,19.3901,-70.5253,P-10009,Aceite de oliva,https://studikard.com/wp-content/uploads/2021/11/Aceite-de-oliva-extra-virgen.png,60,200,12000
2022-01-22,160,C-10010,Carmen,VD-10010,Juan Gabrie;,https://dl.dropbox.com/s/z4geyw1u2psmm47/A16.png,2,CIBAO,La Vega,19.2225,-70.5297,P-10010,Agua potable,https://www.lenntech.com/images/Water/bottled.png,68,15,1020
2022-01-24,161,C-10011,Miguel,VD-10011,Juan Perez,https://dl.dropbox.com/s/4bz1xriny7ro04g/A40.png,3,SUR,Azua,18.454,-70.729,P-10011,Verduras frescas,https://img.pikbest.com/origin/09/05/38/99KpIkbEsTxDy.png!w700wp,77,30,2310
2022-01-25,162,C-10012,Sofía,VD-10012,Maria Vizcaino,https://dl.dropbox.com/s/yxe96df3xrzoc4y/A44.png,3,SUR,Barahona,18.2085,-71.1008,P-10012,Carne de pollo,https://carnessanpietro.com/wp-content/uploads/2023/12/carne_carne-para-bistec.png,68,75,5100
2022-01-27,163,C-10013,Pablo,VD-10013,Carlos Santos,https://dl.dropbox.com/s/0jkab8w6ie0h91z/A42.png,3,SUR,San Juan,18.8059,-71.2299,P-10013,Pescado,https://res.cloudinary.com/oita/image/upload/v1688057414/Merco/Parte%205/7720_PESCADO_PARA_CALDO_m4getv.png,14,120,1680
2022-02-04,164,C-10014,Isabel,VD-10014,Ana Santana,https://dl.dropboxusercontent.com/s/2lks10yyiurw2b0/A33.png,3,SUR,San Cristóbal,18.4154,-70.1119,P-10014,Queso,https://covica.es/wp-content/uploads/2022/11/QUESOS_36-removebg-preview.png,18,90,1620
2022-02-06,165,C-10015,Diego,VD-10015,Sofia Bergara,https://dl.dropboxusercontent.com/s/id0gj57k6z3m73q/A34.png,3,SUR,Peravia,18.2796,-70.3316,P-10015,Miel,https://prodexspa.com/wp-content/uploads/2023/05/foto_miel_apoyo_low.png,62,80,4960
2022-02-10,166,C-10016,Paula,VD-10001,Juan Perez,https://dl.dropbox.com/s/4bz1xriny7ro04g/A40.png,1,ESTE,La Altagracia,18.6154,-68.7073,P-10001,Leche,https://png.pngtree.com/png-vector/20240206/ourmid/pngtree-gallon-of-milk-isolated-on-white-drink-cutout-lactosefresh-png-image_11635524.png,59,30,1770
2022-02-19,167,C-10017,Francisco,VD-10002,Maria Vizcaino,https://dl.dropbox.com/s/yxe96df3xrzoc4y/A44.png,1,ESTE,El Seibo,18.7652,-69.0381,P-10002,Legumbres,https://hslegumbres.com.ar/wp-content/uploads/2019/09/legumbres-min.png,24,50,1200
2022-02-22,168,C-10018,Marta,VD-10003,Ana Santana,https://dl.dropboxusercontent.com/s/2lks10yyiurw2b0/A33.png,1,ESTE,Hato Mayor,18.7625,-69.2568,P-10003,Frutas frescas,https://png.pngtree.com/png-clipart/20231122/original/pngtree-group-of-fresh-fruits-many-photo-png-image_13690072.png,66,40,2640
2022-02-22,169,C-10019,Antonio,VD-10004,Luis Diaz,https://dl.dropbox.com/s/zgx7g0h0mxubhao/A21.png,1,ESTE,La Romana,18.4339,-68.9666,P-10004,Pan integral,https://png.pngtree.com/png-clipart/20230929/original/pngtree-whole-wheat-bread-cutout-png-file-png-image_13018044.png,24,35,840
2022-02-23,170,C-10020,Elena,VD-10005,Sofia Bergara,https://dl.dropboxusercontent.com/s/id0gj57k6z3m73q/A34.png,1,ESTE,San Pedro de Macorís,18.4517,-69.2994,P-10005,Aceite,https://cdn-icons-png.freepik.com/512/5029/5029264.png,30,100,3000
2022-02-27,171,C-10021,Javier,VD-10006,Jorge Ramos,https://dl.dropbox.com/s/1f9hzgblcmuen4a/A10.png,2,CIBAO,Santiago,19.4517,-70.697,P-10006,Arroz,https://encrypted-tbn0.gstatic.com/images?q=tbn:ANd9GcQ4_WmdkkAcceSl35xcwCOyP36s_xHnu0Yh2A&s,41,25,1025
2022-03-10,172,C-10022,Sara,VD-10007,Juan Comila,https://dl.dropbox.com/s/jveyj0btov87izo/A38.png,2,CIBAO,Puerto Plata,19.7903,-70.6871,P-10007,Huevos,https://acdn.mitiendanube.com/stores/001/926/707/products/mesa-de-trabajo-11-ab4aedeb4966ce692416358047799893-640-0.png,24,5,120
2022-03-13,173,C-10023,Andrés,VD-10008,Juan Gabrie;,https://dl.dropbox.com/s/z4geyw1u2psmm47/A16.png,2,CIBAO,Duarte,19.2957,-70.255,P-10008,Yogur,https://perulabecologic.com.pe/wp-content/uploads/2020/04/yogurt-natural-botella.png,5,45,225
2022-03-13,174,C-10024,Claudia,VD-10009,Juan Perez,https://dl.dropbox.com/s/4bz1xriny7ro04g/A40.png,2,CIBAO,Espaillat,19.3901,-70.5253,P-10009,Aceite de oliva,https://studikard.com/wp-content/uploads/2021/11/Aceite-de-oliva-extra-virgen.png,42,200,8400
2022-03-23,175,C-10025,Manuel,VD-10010,Juan Gabrie;,https://dl.dropbox.com/s/z4geyw1u2psmm47/A16.png,2,CIBAO,La Vega,19.2225,-70.5297,P-10010,Agua potable,https://www.lenntech.com/images/Water/bottled.png,11,15,165
2022-04-08,176,C-10026,Patricia,VD-10011,Juan Perez,https://dl.dropbox.com/s/4bz1xriny7ro04g/A40.png,3,SUR,Azua,18.454,-70.729,P-10011,Verduras frescas,https://img.pikbest.com/origin/09/05/38/99KpIkbEsTxDy.png!w700wp,10,30,300
2022-04-13,177,C-10027,David,VD-10012,Maria Vizcaino,https://dl.dropbox.com/s/yxe96df3xrzoc4y/A44.png,3,SUR,Barahona,18.2085,-71.1008,P-10012,Carne de pollo,https://carnessanpietro.com/wp-content/uploads/2023/12/carne_carne-para-bistec.png,43,75,3225
2022-04-22,178,C-10028,Teresa,VD-10013,Carlos Santos,https://dl.dropbox.com/s/0jkab8w6ie0h91z/A42.png,3,SUR,San Juan,18.8059,-71.2299,P-10013,Pescado,https://res.cloudinary.com/oita/image/upload/v1688057414/Merco/Parte%205/7720_PESCADO_PARA_CALDO_m4getv.png,82,120,9840
2022-04-26,179,C-10029,Sergio,VD-10014,Ana Santana,https://dl.dropboxusercontent.com/s/2lks10yyiurw2b0/A33.png,3,SUR,San Cristóbal,18.4154,-70.1119,P-10014,Queso,https://covica.es/wp-content/uploads/2022/11/QUESOS_36-removebg-preview.png,47,90,4230
2022-05-07,180,C-10030,Julia,VD-10015,Sofia Bergara,https://dl.dropboxusercontent.com/s/id0gj57k6z3m73q/A34.png,3,SUR,Peravia,18.2796,-70.3316,P-10015,Miel,https://prodexspa.com/wp-content/uploads/2023/05/foto_miel_apoyo_low.png,68,80,5440
2022-05-14,181,C-10001,Alejandro,VD-10001,Juan Perez,https://dl.dropbox.com/s/4bz1xriny7ro04g/A40.png,1,ESTE,La Altagracia,18.6154,-68.7073,P-10001,Leche,https://png.pngtree.com/png-vector/20240206/ourmid/pngtree-gallon-of-milk-isolated-on-white-drink-cutout-lactosefresh-png-image_11635524.png,25,30,750
2022-05-18,182,C-10002,María,VD-10002,Maria Vizcaino,https://dl.dropbox.com/s/yxe96df3xrzoc4y/A44.png,1,ESTE,El Seibo,18.7652,-69.0381,P-10002,Legumbres,https://hslegumbres.com.ar/wp-content/uploads/2019/09/legumbres-min.png,58,50,2900
2022-05-26,183,C-10003,José,VD-10003,Ana Santana,https://dl.dropboxusercontent.com/s/2lks10yyiurw2b0/A33.png,1,ESTE,Hato Mayor,18.7625,-69.2568,P-10003,Frutas frescas,https://png.pngtree.com/png-clipart/20231122/original/pngtree-group-of-fresh-fruits-many-photo-png-image_13690072.png,3,40,120
2022-05-28,184,C-10004,Laura,VD-10004,Luis Diaz,https://dl.dropbox.com/s/zgx7g0h0mxubhao/A21.png,1,ESTE,La Romana,18.4339,-68.9666,P-10004,Pan integral,https://png.pngtree.com/png-clipart/20230929/original/pngtree-whole-wheat-bread-cutout-png-file-png-image_13018044.png,1,35,35
2022-05-30,185,C-10005,Carlos,VD-10005,Sofia Bergara,https://dl.dropboxusercontent.com/s/id0gj57k6z3m73q/A34.png,1,ESTE,San Pedro de Macorís,18.4517,-69.2994,P-10005,Aceite,https://cdn-icons-png.freepik.com/512/5029/5029264.png,64,100,6400
2022-06-15,186,C-10006,Lucía,VD-10006,Jorge Ramos,https://dl.dropbox.com/s/1f9hzgblcmuen4a/A10.png,2,CIBAO,Santiago,19.4517,-70.697,P-10006,Arroz,https://encrypted-tbn0.gstatic.com/images?q=tbn:ANd9GcQ4_WmdkkAcceSl35xcwCOyP36s_xHnu0Yh2A&s,47,25,1175
2022-06-16,187,C-10007,Juan,VD-10007,Juan Comila,https://dl.dropbox.com/s/jveyj0btov87izo/A38.png,2,CIBAO,Puerto Plata,19.7903,-70.6871,P-10007,Huevos,https://acdn.mitiendanube.com/stores/001/926/707/products/mesa-de-trabajo-11-ab4aedeb4966ce692416358047799893-640-0.png,77,5,385
2022-06-17,188,C-10008,Ana,VD-10008,Juan Gabrie;,https://dl.dropbox.com/s/z4geyw1u2psmm47/A16.png,2,CIBAO,Duarte,19.2957,-70.255,P-10008,Yogur,https://perulabecologic.com.pe/wp-content/uploads/2020/04/yogurt-natural-botella.png,37,45,1665
2022-06-22,189,C-10009,Luis,VD-10009,Juan Perez,https://dl.dropbox.com/s/4bz1xriny7ro04g/A40.png,2,CIBAO,Espaillat,19.3901,-70.5253,P-10009,Aceite de oliva,https://studikard.com/wp-content/uploads/2021/11/Aceite-de-oliva-extra-virgen.png,46,200,9200
2022-06-26,190,C-10010,Carmen,VD-10010,Juan Gabrie;,https://dl.dropbox.com/s/z4geyw1u2psmm47/A16.png,2,CIBAO,La Vega,19.2225,-70.5297,P-10010,Agua potable,https://www.lenntech.com/images/Water/bottled.png,27,15,405
2022-07-18,191,C-10011,Miguel,VD-10011,Juan Perez,https://dl.dropbox.com/s/4bz1xriny7ro04g/A40.png,3,SUR,Azua,18.454,-70.729,P-10011,Verduras frescas,https://img.pikbest.com/origin/09/05/38/99KpIkbEsTxDy.png!w700wp,77,30,2310
2022-07-21,192,C-10012,Sofía,VD-10012,Maria Vizcaino,https://dl.dropbox.com/s/yxe96df3xrzoc4y/A44.png,3,SUR,Barahona,18.2085,-71.1008,P-10012,Carne de pollo,https://carnessanpietro.com/wp-content/uploads/2023/12/carne_carne-para-bistec.png,43,75,3225
2022-07-24,193,C-10013,Pablo,VD-10013,Carlos Santos,https://dl.dropbox.com/s/0jkab8w6ie0h91z/A42.png,3,SUR,San Juan,18.8059,-71.2299,P-10013,Pescado,https://res.cloudinary.com/oita/image/upload/v1688057414/Merco/Parte%205/7720_PESCADO_PARA_CALDO_m4getv.png,52,120,6240
2022-07-25,194,C-10014,Isabel,VD-10014,Ana Santana,https://dl.dropboxusercontent.com/s/2lks10yyiurw2b0/A33.png,3,SUR,San Cristóbal,18.4154,-70.1119,P-10014,Queso,https://covica.es/wp-content/uploads/2022/11/QUESOS_36-removebg-preview.png,19,90,1710
2022-08-02,195,C-10015,Diego,VD-10015,Sofia Bergara,https://dl.dropboxusercontent.com/s/id0gj57k6z3m73q/A34.png,3,SUR,Peravia,18.2796,-70.3316,P-10015,Miel,https://prodexspa.com/wp-content/uploads/2023/05/foto_miel_apoyo_low.png,21,80,1680
2022-08-13,196,C-10016,Paula,VD-10001,Juan Perez,https://dl.dropbox.com/s/4bz1xriny7ro04g/A40.png,1,ESTE,La Altagracia,18.6154,-68.7073,P-10001,Leche,https://png.pngtree.com/png-vector/20240206/ourmid/pngtree-gallon-of-milk-isolated-on-white-drink-cutout-lactosefresh-png-image_11635524.png,34,30,1020
2022-08-26,197,C-10017,Francisco,VD-10002,Maria Vizcaino,https://dl.dropbox.com/s/yxe96df3xrzoc4y/A44.png,1,ESTE,El Seibo,18.7652,-69.0381,P-10002,Legumbres,https://hslegumbres.com.ar/wp-content/uploads/2019/09/legumbres-min.png,88,50,4400
2022-08-26,198,C-10018,Marta,VD-10003,Ana Santana,https://dl.dropboxusercontent.com/s/2lks10yyiurw2b0/A33.png,1,ESTE,Hato Mayor,18.7625,-69.2568,P-10003,Frutas frescas,https://png.pngtree.com/png-clipart/20231122/original/pngtree-group-of-fresh-fruits-many-photo-png-image_13690072.png,37,40,1480
2022-08-31,199,C-10019,Antonio,VD-10004,Luis Diaz,https://dl.dropbox.com/s/zgx7g0h0mxubhao/A21.png,1,ESTE,La Romana,18.4339,-68.9666,P-10004,Pan integral,https://png.pngtree.com/png-clipart/20230929/original/pngtree-whole-wheat-bread-cutout-png-file-png-image_13018044.png,31,35,1085
2022-08-31,200,C-10020,Elena,VD-10005,Sofia Bergara,https://dl.dropboxusercontent.com/s/id0gj57k6z3m73q/A34.png,1,ESTE,San Pedro de Macorís,18.4517,-69.2994,P-10005,Aceite,https://cdn-icons-png.freepik.com/512/5029/5029264.png,97,100,9700
2022-09-03,201,C-10021,Javier,VD-10006,Jorge Ramos,https://dl.dropbox.com/s/1f9hzgblcmuen4a/A10.png,2,CIBAO,Santiago,19.4517,-70.697,P-10006,Arroz,https://encrypted-tbn0.gstatic.com/images?q=tbn:ANd9GcQ4_WmdkkAcceSl35xcwCOyP36s_xHnu0Yh2A&s,81,25,2025
2022-09-03,202,C-10022,Sara,VD-10007,Juan Comila,https://dl.dropbox.com/s/jveyj0btov87izo/A38.png,2,CIBAO,Puerto Plata,19.7903,-70.6871,P-10007,Huevos,https://acdn.mitiendanube.com/stores/001/926/707/products/mesa-de-trabajo-11-ab4aedeb4966ce692416358047799893-640-0.png,36,5,180
2022-09-10,203,C-10023,Andrés,VD-10008,Juan Gabrie;,https://dl.dropbox.com/s/z4geyw1u2psmm47/A16.png,2,CIBAO,Duarte,19.2957,-70.255,P-10008,Yogur,https://perulabecologic.com.pe/wp-content/uploads/2020/04/yogurt-natural-botella.png,70,45,3150
2022-09-29,204,C-10024,Claudia,VD-10009,Juan Perez,https://dl.dropbox.com/s/4bz1xriny7ro04g/A40.png,2,CIBAO,Espaillat,19.3901,-70.5253,P-10009,Aceite de oliva,https://studikard.com/wp-content/uploads/2021/11/Aceite-de-oliva-extra-virgen.png,68,200,13600
2022-10-17,205,C-10025,Manuel,VD-10010,Juan Gabrie;,https://dl.dropbox.com/s/z4geyw1u2psmm47/A16.png,2,CIBAO,La Vega,19.2225,-70.5297,P-10010,Agua potable,https://www.lenntech.com/images/Water/bottled.png,98,15,1470
2022-10-29,206,C-10026,Patricia,VD-10011,Juan Perez,https://dl.dropbox.com/s/4bz1xriny7ro04g/A40.png,3,SUR,Azua,18.454,-70.729,P-10011,Verduras frescas,https://img.pikbest.com/origin/09/05/38/99KpIkbEsTxDy.png!w700wp,69,30,2070
2022-10-29,207,C-10027,David,VD-10012,Maria Vizcaino,https://dl.dropbox.com/s/yxe96df3xrzoc4y/A44.png,3,SUR,Barahona,18.2085,-71.1008,P-10012,Carne de pollo,https://carnessanpietro.com/wp-content/uploads/2023/12/carne_carne-para-bistec.png,2,75,150
2022-11-03,208,C-10028,Teresa,VD-10013,Carlos Santos,https://dl.dropbox.com/s/0jkab8w6ie0h91z/A42.png,3,SUR,San Juan,18.8059,-71.2299,P-10013,Pescado,https://res.cloudinary.com/oita/image/upload/v1688057414/Merco/Parte%205/7720_PESCADO_PARA_CALDO_m4getv.png,99,120,11880
2022-11-04,209,C-10029,Sergio,VD-10014,Ana Santana,https://dl.dropboxusercontent.com/s/2lks10yyiurw2b0/A33.png,3,SUR,San Cristóbal,18.4154,-70.1119,P-10014,Queso,https://covica.es/wp-content/uploads/2022/11/QUESOS_36-removebg-preview.png,5,90,450
2022-11-08,210,C-10030,Julia,VD-10015,Sofia Bergara,https://dl.dropboxusercontent.com/s/id0gj57k6z3m73q/A34.png,3,SUR,Peravia,18.2796,-70.3316,P-10015,Miel,https://prodexspa.com/wp-content/uploads/2023/05/foto_miel_apoyo_low.png,14,80,1120
2022-11-15,211,C-10001,Alejandro,VD-10001,Juan Perez,https://dl.dropbox.com/s/4bz1xriny7ro04g/A40.png,1,ESTE,La Altagracia,18.6154,-68.7073,P-10001,Leche,https://png.pngtree.com/png-vector/20240206/ourmid/pngtree-gallon-of-milk-isolated-on-white-drink-cutout-lactosefresh-png-image_11635524.png,7,30,210
2022-11-27,212,C-10002,María,VD-10002,Maria Vizcaino,https://dl.dropbox.com/s/yxe96df3xrzoc4y/A44.png,1,ESTE,El Seibo,18.7652,-69.0381,P-10002,Legumbres,https://hslegumbres.com.ar/wp-content/uploads/2019/09/legumbres-min.png,13,50,650
2022-11-29,213,C-10003,José,VD-10003,Ana Santana,https://dl.dropboxusercontent.com/s/2lks10yyiurw2b0/A33.png,1,ESTE,Hato Mayor,18.7625,-69.2568,P-10003,Frutas frescas,https://png.pngtree.com/png-clipart/20231122/original/pngtree-group-of-fresh-fruits-many-photo-png-image_13690072.png,56,40,2240
2022-12-01,214,C-10004,Laura,VD-10004,Luis Diaz,https://dl.dropbox.com/s/zgx7g0h0mxubhao/A21.png,1,ESTE,La Romana,18.4339,-68.9666,P-10004,Pan integral,https://png.pngtree.com/png-clipart/20230929/original/pngtree-whole-wheat-bread-cutout-png-file-png-image_13018044.png,20,35,700
2022-12-02,215,C-10005,Carlos,VD-10005,Sofia Bergara,https://dl.dropboxusercontent.com/s/id0gj57k6z3m73q/A34.png,1,ESTE,San Pedro de Macorís,18.4517,-69.2994,P-10005,Aceite,https://cdn-icons-png.freepik.com/512/5029/5029264.png,34,100,3400
2022-12-07,216,C-10006,Lucía,VD-10006,Jorge Ramos,https://dl.dropbox.com/s/1f9hzgblcmuen4a/A10.png,2,CIBAO,Santiago,19.4517,-70.697,P-10006,Arroz,https://encrypted-tbn0.gstatic.com/images?q=tbn:ANd9GcQ4_WmdkkAcceSl35xcwCOyP36s_xHnu0Yh2A&s,72,25,1800
2022-12-09,217,C-10007,Juan,VD-10007,Juan Comila,https://dl.dropbox.com/s/jveyj0btov87izo/A38.png,2,CIBAO,Puerto Plata,19.7903,-70.6871,P-10007,Huevos,https://acdn.mitiendanube.com/stores/001/926/707/products/mesa-de-trabajo-11-ab4aedeb4966ce692416358047799893-640-0.png,15,5,75
2022-12-14,218,C-10008,Ana,VD-10008,Juan Gabrie;,https://dl.dropbox.com/s/z4geyw1u2psmm47/A16.png,2,CIBAO,Duarte,19.2957,-70.255,P-10008,Yogur,https://perulabecologic.com.pe/wp-content/uploads/2020/04/yogurt-natural-botella.png,97,45,4365
2022-12-15,219,C-10009,Luis,VD-10009,Juan Perez,https://dl.dropbox.com/s/4bz1xriny7ro04g/A40.png,2,CIBAO,Espaillat,19.3901,-70.5253,P-10009,Aceite de oliva,https://studikard.com/wp-content/uploads/2021/11/Aceite-de-oliva-extra-virgen.png,38,200,7600
2022-12-17,220,C-10010,Carmen,VD-10010,Juan Gabrie;,https://dl.dropbox.com/s/z4geyw1u2psmm47/A16.png,2,CIBAO,La Vega,19.2225,-70.5297,P-10010,Agua potable,https://www.lenntech.com/images/Water/bottled.png,44,15,660
2022-12-20,221,C-10011,Miguel,VD-10011,Juan Perez,https://dl.dropbox.com/s/4bz1xriny7ro04g/A40.png,3,SUR,Azua,18.454,-70.729,P-10011,Verduras frescas,https://img.pikbest.com/origin/09/05/38/99KpIkbEsTxDy.png!w700wp,81,30,2430
2022-12-24,222,C-10012,Sofía,VD-10012,Maria Vizcaino,https://dl.dropbox.com/s/yxe96df3xrzoc4y/A44.png,3,SUR,Barahona,18.2085,-71.1008,P-10012,Carne de pollo,https://carnessanpietro.com/wp-content/uploads/2023/12/carne_carne-para-bistec.png,48,75,3600
2023-01-02,223,C-10013,Pablo,VD-10013,Carlos Santos,https://dl.dropbox.com/s/0jkab8w6ie0h91z/A42.png,3,SUR,San Juan,18.8059,-71.2299,P-10013,Pescado,https://res.cloudinary.com/oita/image/upload/v1688057414/Merco/Parte%205/7720_PESCADO_PARA_CALDO_m4getv.png,5,120,600
2023-01-07,224,C-10014,Isabel,VD-10014,Ana Santana,https://dl.dropboxusercontent.com/s/2lks10yyiurw2b0/A33.png,3,SUR,San Cristóbal,18.4154,-70.1119,P-10014,Queso,https://covica.es/wp-content/uploads/2022/11/QUESOS_36-removebg-preview.png,48,90,4320
2023-01-14,225,C-10015,Diego,VD-10015,Sofia Bergara,https://dl.dropboxusercontent.com/s/id0gj57k6z3m73q/A34.png,3,SUR,Peravia,18.2796,-70.3316,P-10015,Miel,https://prodexspa.com/wp-content/uploads/2023/05/foto_miel_apoyo_low.png,10,80,800
2023-01-18,226,C-10016,Paula,VD-10001,Juan Perez,https://dl.dropbox.com/s/4bz1xriny7ro04g/A40.png,1,ESTE,La Altagracia,18.6154,-68.7073,P-10001,Leche,https://png.pngtree.com/png-vector/20240206/ourmid/pngtree-gallon-of-milk-isolated-on-white-drink-cutout-lactosefresh-png-image_11635524.png,68,30,2040
2023-01-19,227,C-10017,Francisco,VD-10002,Maria Vizcaino,https://dl.dropbox.com/s/yxe96df3xrzoc4y/A44.png,1,ESTE,El Seibo,18.7652,-69.0381,P-10002,Legumbres,https://hslegumbres.com.ar/wp-content/uploads/2019/09/legumbres-min.png,71,50,3550
2023-01-29,228,C-10018,Marta,VD-10003,Ana Santana,https://dl.dropboxusercontent.com/s/2lks10yyiurw2b0/A33.png,1,ESTE,Hato Mayor,18.7625,-69.2568,P-10003,Frutas frescas,https://png.pngtree.com/png-clipart/20231122/original/pngtree-group-of-fresh-fruits-many-photo-png-image_13690072.png,85,40,3400
2023-01-29,229,C-10019,Antonio,VD-10004,Luis Diaz,https://dl.dropbox.com/s/zgx7g0h0mxubhao/A21.png,1,ESTE,La Romana,18.4339,-68.9666,P-10004,Pan integral,https://png.pngtree.com/png-clipart/20230929/original/pngtree-whole-wheat-bread-cutout-png-file-png-image_13018044.png,51,35,1785
2023-02-02,230,C-10020,Elena,VD-10005,Sofia Bergara,https://dl.dropboxusercontent.com/s/id0gj57k6z3m73q/A34.png,1,ESTE,San Pedro de Macorís,18.4517,-69.2994,P-10005,Aceite,https://cdn-icons-png.freepik.com/512/5029/5029264.png,43,100,4300
2023-02-08,231,C-10021,Javier,VD-10006,Jorge Ramos,https://dl.dropbox.com/s/1f9hzgblcmuen4a/A10.png,2,CIBAO,Santiago,19.4517,-70.697,P-10006,Arroz,https://encrypted-tbn0.gstatic.com/images?q=tbn:ANd9GcQ4_WmdkkAcceSl35xcwCOyP36s_xHnu0Yh2A&s,18,25,450
2023-02-12,232,C-10022,Sara,VD-10007,Juan Comila,https://dl.dropbox.com/s/jveyj0btov87izo/A38.png,2,CIBAO,Puerto Plata,19.7903,-70.6871,P-10007,Huevos,https://acdn.mitiendanube.com/stores/001/926/707/products/mesa-de-trabajo-11-ab4aedeb4966ce692416358047799893-640-0.png,18,5,90
2023-02-14,233,C-10023,Andrés,VD-10008,Juan Gabrie;,https://dl.dropbox.com/s/z4geyw1u2psmm47/A16.png,2,CIBAO,Duarte,19.2957,-70.255,P-10008,Yogur,https://perulabecologic.com.pe/wp-content/uploads/2020/04/yogurt-natural-botella.png,77,45,3465
2023-02-20,234,C-10024,Claudia,VD-10009,Juan Perez,https://dl.dropbox.com/s/4bz1xriny7ro04g/A40.png,2,CIBAO,Espaillat,19.3901,-70.5253,P-10009,Aceite de oliva,https://studikard.com/wp-content/uploads/2021/11/Aceite-de-oliva-extra-virgen.png,35,200,7000
2023-02-22,235,C-10025,Manuel,VD-10010,Juan Gabrie;,https://dl.dropbox.com/s/z4geyw1u2psmm47/A16.png,2,CIBAO,La Vega,19.2225,-70.5297,P-10010,Agua potable,https://www.lenntech.com/images/Water/bottled.png,94,15,1410
2023-02-26,236,C-10026,Patricia,VD-10011,Juan Perez,https://dl.dropbox.com/s/4bz1xriny7ro04g/A40.png,3,SUR,Azua,18.454,-70.729,P-10011,Verduras frescas,https://img.pikbest.com/origin/09/05/38/99KpIkbEsTxDy.png!w700wp,86,30,2580
2023-03-03,237,C-10027,David,VD-10012,Maria Vizcaino,https://dl.dropbox.com/s/yxe96df3xrzoc4y/A44.png,3,SUR,Barahona,18.2085,-71.1008,P-10012,Carne de pollo,https://carnessanpietro.com/wp-content/uploads/2023/12/carne_carne-para-bistec.png,82,75,6150
2023-03-16,238,C-10028,Teresa,VD-10013,Carlos Santos,https://dl.dropbox.com/s/0jkab8w6ie0h91z/A42.png,3,SUR,San Juan,18.8059,-71.2299,P-10013,Pescado,https://res.cloudinary.com/oita/image/upload/v1688057414/Merco/Parte%205/7720_PESCADO_PARA_CALDO_m4getv.png,11,120,1320
2023-03-17,239,C-10029,Sergio,VD-10014,Ana Santana,https://dl.dropboxusercontent.com/s/2lks10yyiurw2b0/A33.png,3,SUR,San Cristóbal,18.4154,-70.1119,P-10014,Queso,https://covica.es/wp-content/uploads/2022/11/QUESOS_36-removebg-preview.png,58,90,5220
2023-03-18,240,C-10030,Julia,VD-10015,Sofia Bergara,https://dl.dropboxusercontent.com/s/id0gj57k6z3m73q/A34.png,3,SUR,Peravia,18.2796,-70.3316,P-10015,Miel,https://prodexspa.com/wp-content/uploads/2023/05/foto_miel_apoyo_low.png,79,80,6320
2023-03-20,241,C-10001,Alejandro,VD-10001,Juan Perez,https://dl.dropbox.com/s/4bz1xriny7ro04g/A40.png,1,ESTE,La Altagracia,18.6154,-68.7073,P-10001,Leche,https://png.pngtree.com/png-vector/20240206/ourmid/pngtree-gallon-of-milk-isolated-on-white-drink-cutout-lactosefresh-png-image_11635524.png,51,30,1530
2023-03-25,242,C-10002,María,VD-10002,Maria Vizcaino,https://dl.dropbox.com/s/yxe96df3xrzoc4y/A44.png,1,ESTE,El Seibo,18.7652,-69.0381,P-10002,Legumbres,https://hslegumbres.com.ar/wp-content/uploads/2019/09/legumbres-min.png,69,50,3450
2023-03-26,243,C-10003,José,VD-10003,Ana Santana,https://dl.dropboxusercontent.com/s/2lks10yyiurw2b0/A33.png,1,ESTE,Hato Mayor,18.7625,-69.2568,P-10003,Frutas frescas,https://png.pngtree.com/png-clipart/20231122/original/pngtree-group-of-fresh-fruits-many-photo-png-image_13690072.png,66,40,2640
2023-03-26,244,C-10004,Laura,VD-10004,Luis Diaz,https://dl.dropbox.com/s/zgx7g0h0mxubhao/A21.png,1,ESTE,La Romana,18.4339,-68.9666,P-10004,Pan integral,https://png.pngtree.com/png-clipart/20230929/original/pngtree-whole-wheat-bread-cutout-png-file-png-image_13018044.png,57,35,1995
2023-04-03,245,C-10005,Carlos,VD-10005,Sofia Bergara,https://dl.dropboxusercontent.com/s/id0gj57k6z3m73q/A34.png,1,ESTE,San Pedro de Macorís,18.4517,-69.2994,P-10005,Aceite,https://cdn-icons-png.freepik.com/512/5029/5029264.png,13,100,1300
2023-04-05,246,C-10006,Lucía,VD-10006,Jorge Ramos,https://dl.dropbox.com/s/1f9hzgblcmuen4a/A10.png,2,CIBAO,Santiago,19.4517,-70.697,P-10006,Arroz,https://encrypted-tbn0.gstatic.com/images?q=tbn:ANd9GcQ4_WmdkkAcceSl35xcwCOyP36s_xHnu0Yh2A&s,99,25,2475
2023-04-08,247,C-10007,Juan,VD-10007,Juan Comila,https://dl.dropbox.com/s/jveyj0btov87izo/A38.png,2,CIBAO,Puerto Plata,19.7903,-70.6871,P-10007,Huevos,https://acdn.mitiendanube.com/stores/001/926/707/products/mesa-de-trabajo-11-ab4aedeb4966ce692416358047799893-640-0.png,81,5,405
2023-04-21,248,C-10008,Ana,VD-10008,Juan Gabrie;,https://dl.dropbox.com/s/z4geyw1u2psmm47/A16.png,2,CIBAO,Duarte,19.2957,-70.255,P-10008,Yogur,https://perulabecologic.com.pe/wp-content/uploads/2020/04/yogurt-natural-botella.png,6,45,270
2023-05-01,249,C-10009,Luis,VD-10009,Juan Perez,https://dl.dropbox.com/s/4bz1xriny7ro04g/A40.png,2,CIBAO,Espaillat,19.3901,-70.5253,P-10009,Aceite de oliva,https://studikard.com/wp-content/uploads/2021/11/Aceite-de-oliva-extra-virgen.png,72,200,14400
2023-05-02,250,C-10010,Carmen,VD-10010,Juan Gabrie;,https://dl.dropbox.com/s/z4geyw1u2psmm47/A16.png,2,CIBAO,La Vega,19.2225,-70.5297,P-10010,Agua potable,https://www.lenntech.com/images/Water/bottled.png,82,15,1230
2023-05-18,251,C-10011,Miguel,VD-10011,Juan Perez,https://dl.dropbox.com/s/4bz1xriny7ro04g/A40.png,3,SUR,Azua,18.454,-70.729,P-10011,Verduras frescas,https://img.pikbest.com/origin/09/05/38/99KpIkbEsTxDy.png!w700wp,29,30,870
2023-05-18,252,C-10012,Sofía,VD-10012,Maria Vizcaino,https://dl.dropbox.com/s/yxe96df3xrzoc4y/A44.png,3,SUR,Barahona,18.2085,-71.1008,P-10012,Carne de pollo,https://carnessanpietro.com/wp-content/uploads/2023/12/carne_carne-para-bistec.png,10,75,750
2023-05-25,253,C-10013,Pablo,VD-10013,Carlos Santos,https://dl.dropbox.com/s/0jkab8w6ie0h91z/A42.png,3,SUR,San Juan,18.8059,-71.2299,P-10013,Pescado,https://res.cloudinary.com/oita/image/upload/v1688057414/Merco/Parte%205/7720_PESCADO_PARA_CALDO_m4getv.png,95,120,11400
2023-05-27,254,C-10014,Isabel,VD-10014,Ana Santana,https://dl.dropboxusercontent.com/s/2lks10yyiurw2b0/A33.png,3,SUR,San Cristóbal,18.4154,-70.1119,P-10014,Queso,https://covica.es/wp-content/uploads/2022/11/QUESOS_36-removebg-preview.png,10,90,900
2023-05-28,255,C-10015,Diego,VD-10015,Sofia Bergara,https://dl.dropboxusercontent.com/s/id0gj57k6z3m73q/A34.png,3,SUR,Peravia,18.2796,-70.3316,P-10015,Miel,https://prodexspa.com/wp-content/uploads/2023/05/foto_miel_apoyo_low.png,86,80,6880
2023-05-30,256,C-10016,Paula,VD-10001,Juan Perez,https://dl.dropbox.com/s/4bz1xriny7ro04g/A40.png,1,ESTE,La Altagracia,18.6154,-68.7073,P-10001,Leche,https://png.pngtree.com/png-vector/20240206/ourmid/pngtree-gallon-of-milk-isolated-on-white-drink-cutout-lactosefresh-png-image_11635524.png,16,30,480
2023-06-02,257,C-10017,Francisco,VD-10002,Maria Vizcaino,https://dl.dropbox.com/s/yxe96df3xrzoc4y/A44.png,1,ESTE,El Seibo,18.7652,-69.0381,P-10002,Legumbres,https://hslegumbres.com.ar/wp-content/uploads/2019/09/legumbres-min.png,2,50,100
2023-06-05,258,C-10018,Marta,VD-10003,Ana Santana,https://dl.dropboxusercontent.com/s/2lks10yyiurw2b0/A33.png,1,ESTE,Hato Mayor,18.7625,-69.2568,P-10003,Frutas frescas,https://png.pngtree.com/png-clipart/20231122/original/pngtree-group-of-fresh-fruits-many-photo-png-image_13690072.png,81,40,3240
2023-06-07,259,C-10019,Antonio,VD-10004,Luis Diaz,https://dl.dropbox.com/s/zgx7g0h0mxubhao/A21.png,1,ESTE,La Romana,18.4339,-68.9666,P-10004,Pan integral,https://png.pngtree.com/png-clipart/20230929/original/pngtree-whole-wheat-bread-cutout-png-file-png-image_13018044.png,35,35,1225
2023-06-10,260,C-10020,Elena,VD-10005,Sofia Bergara,https://dl.dropboxusercontent.com/s/id0gj57k6z3m73q/A34.png,1,ESTE,San Pedro de Macorís,18.4517,-69.2994,P-10005,Aceite,https://cdn-icons-png.freepik.com/512/5029/5029264.png,87,100,8700
2023-06-13,261,C-10021,Javier,VD-10006,Jorge Ramos,https://dl.dropbox.com/s/1f9hzgblcmuen4a/A10.png,2,CIBAO,Santiago,19.4517,-70.697,P-10006,Arroz,https://encrypted-tbn0.gstatic.com/images?q=tbn:ANd9GcQ4_WmdkkAcceSl35xcwCOyP36s_xHnu0Yh2A&s,42,25,1050
2023-06-15,262,C-10022,Sara,VD-10007,Juan Comila,https://dl.dropbox.com/s/jveyj0btov87izo/A38.png,2,CIBAO,Puerto Plata,19.7903,-70.6871,P-10007,Huevos,https://acdn.mitiendanube.com/stores/001/926/707/products/mesa-de-trabajo-11-ab4aedeb4966ce692416358047799893-640-0.png,44,5,220
2023-06-16,263,C-10023,Andrés,VD-10008,Juan Gabrie;,https://dl.dropbox.com/s/z4geyw1u2psmm47/A16.png,2,CIBAO,Duarte,19.2957,-70.255,P-10008,Yogur,https://perulabecologic.com.pe/wp-content/uploads/2020/04/yogurt-natural-botella.png,89,45,4005
2023-07-03,264,C-10024,Claudia,VD-10009,Juan Perez,https://dl.dropbox.com/s/4bz1xriny7ro04g/A40.png,2,CIBAO,Espaillat,19.3901,-70.5253,P-10009,Aceite de oliva,https://studikard.com/wp-content/uploads/2021/11/Aceite-de-oliva-extra-virgen.png,24,200,4800
2023-07-10,265,C-10025,Manuel,VD-10010,Juan Gabrie;,https://dl.dropbox.com/s/z4geyw1u2psmm47/A16.png,2,CIBAO,La Vega,19.2225,-70.5297,P-10010,Agua potable,https://www.lenntech.com/images/Water/bottled.png,46,15,690
2023-07-14,266,C-10026,Patricia,VD-10011,Juan Perez,https://dl.dropbox.com/s/4bz1xriny7ro04g/A40.png,3,SUR,Azua,18.454,-70.729,P-10011,Verduras frescas,https://img.pikbest.com/origin/09/05/38/99KpIkbEsTxDy.png!w700wp,68,30,2040
2023-07-14,267,C-10027,David,VD-10012,Maria Vizcaino,https://dl.dropbox.com/s/yxe96df3xrzoc4y/A44.png,3,SUR,Barahona,18.2085,-71.1008,P-10012,Carne de pollo,https://carnessanpietro.com/wp-content/uploads/2023/12/carne_carne-para-bistec.png,67,75,5025
2023-07-26,268,C-10028,Teresa,VD-10013,Carlos Santos,https://dl.dropbox.com/s/0jkab8w6ie0h91z/A42.png,3,SUR,San Juan,18.8059,-71.2299,P-10013,Pescado,https://res.cloudinary.com/oita/image/upload/v1688057414/Merco/Parte%205/7720_PESCADO_PARA_CALDO_m4getv.png,65,120,7800
2023-07-27,269,C-10029,Sergio,VD-10014,Ana Santana,https://dl.dropboxusercontent.com/s/2lks10yyiurw2b0/A33.png,3,SUR,San Cristóbal,18.4154,-70.1119,P-10014,Queso,https://covica.es/wp-content/uploads/2022/11/QUESOS_36-removebg-preview.png,55,90,4950
2023-08-01,270,C-10030,Julia,VD-10015,Sofia Bergara,https://dl.dropboxusercontent.com/s/id0gj57k6z3m73q/A34.png,3,SUR,Peravia,18.2796,-70.3316,P-10015,Miel,https://prodexspa.com/wp-content/uploads/2023/05/foto_miel_apoyo_low.png,80,80,6400
2023-08-06,271,C-10001,Alejandro,VD-10001,Juan Perez,https://dl.dropbox.com/s/4bz1xriny7ro04g/A40.png,1,ESTE,La Altagracia,18.6154,-68.7073,P-10001,Leche,https://png.pngtree.com/png-vector/20240206/ourmid/pngtree-gallon-of-milk-isolated-on-white-drink-cutout-lactosefresh-png-image_11635524.png,97,30,2910
2023-08-13,272,C-10002,María,VD-10002,Maria Vizcaino,https://dl.dropbox.com/s/yxe96df3xrzoc4y/A44.png,1,ESTE,El Seibo,18.7652,-69.0381,P-10002,Legumbres,https://hslegumbres.com.ar/wp-content/uploads/2019/09/legumbres-min.png,49,50,2450
2023-08-17,273,C-10003,José,VD-10003,Ana Santana,https://dl.dropboxusercontent.com/s/2lks10yyiurw2b0/A33.png,1,ESTE,Hato Mayor,18.7625,-69.2568,P-10003,Frutas frescas,https://png.pngtree.com/png-clipart/20231122/original/pngtree-group-of-fresh-fruits-many-photo-png-image_13690072.png,19,40,760
2023-08-21,274,C-10004,Laura,VD-10004,Luis Diaz,https://dl.dropbox.com/s/zgx7g0h0mxubhao/A21.png,1,ESTE,La Romana,18.4339,-68.9666,P-10004,Pan integral,https://png.pngtree.com/png-clipart/20230929/original/pngtree-whole-wheat-bread-cutout-png-file-png-image_13018044.png,43,35,1505
2023-08-22,275,C-10005,Carlos,VD-10005,Sofia Bergara,https://dl.dropboxusercontent.com/s/id0gj57k6z3m73q/A34.png,1,ESTE,San Pedro de Macorís,18.4517,-69.2994,P-10005,Aceite,https://cdn-icons-png.freepik.com/512/5029/5029264.png,39,100,3900
2023-08-26,276,C-10006,Lucía,VD-10006,Jorge Ramos,https://dl.dropbox.com/s/1f9hzgblcmuen4a/A10.png,2,CIBAO,Santiago,19.4517,-70.697,P-10006,Arroz,https://encrypted-tbn0.gstatic.com/images?q=tbn:ANd9GcQ4_WmdkkAcceSl35xcwCOyP36s_xHnu0Yh2A&s,65,25,1625
2023-09-02,277,C-10007,Juan,VD-10007,Juan Comila,https://dl.dropbox.com/s/jveyj0btov87izo/A38.png,2,CIBAO,Puerto Plata,19.7903,-70.6871,P-10007,Huevos,https://acdn.mitiendanube.com/stores/001/926/707/products/mesa-de-trabajo-11-ab4aedeb4966ce692416358047799893-640-0.png,75,5,375
2023-09-07,278,C-10008,Ana,VD-10008,Juan Gabrie;,https://dl.dropbox.com/s/z4geyw1u2psmm47/A16.png,2,CIBAO,Duarte,19.2957,-70.255,P-10008,Yogur,https://perulabecologic.com.pe/wp-content/uploads/2020/04/yogurt-natural-botella.png,15,45,675
2023-09-13,279,C-10009,Luis,VD-10009,Juan Perez,https://dl.dropbox.com/s/4bz1xriny7ro04g/A40.png,2,CIBAO,Espaillat,19.3901,-70.5253,P-10009,Aceite de oliva,https://studikard.com/wp-content/uploads/2021/11/Aceite-de-oliva-extra-virgen.png,7,200,1400
2023-09-21,280,C-10010,Carmen,VD-10010,Juan Gabrie;,https://dl.dropbox.com/s/z4geyw1u2psmm47/A16.png,2,CIBAO,La Vega,19.2225,-70.5297,P-10010,Agua potable,https://www.lenntech.com/images/Water/bottled.png,64,15,960
2023-09-25,281,C-10011,Miguel,VD-10011,Juan Perez,https://dl.dropbox.com/s/4bz1xriny7ro04g/A40.png,3,SUR,Azua,18.454,-70.729,P-10011,Verduras frescas,https://img.pikbest.com/origin/09/05/38/99KpIkbEsTxDy.png!w700wp,27,30,810
2023-09-26,282,C-10012,Sofía,VD-10012,Maria Vizcaino,https://dl.dropbox.com/s/yxe96df3xrzoc4y/A44.png,3,SUR,Barahona,18.2085,-71.1008,P-10012,Carne de pollo,https://carnessanpietro.com/wp-content/uploads/2023/12/carne_carne-para-bistec.png,34,75,2550
2023-09-28,283,C-10013,Pablo,VD-10013,Carlos Santos,https://dl.dropbox.com/s/0jkab8w6ie0h91z/A42.png,3,SUR,San Juan,18.8059,-71.2299,P-10013,Pescado,https://res.cloudinary.com/oita/image/upload/v1688057414/Merco/Parte%205/7720_PESCADO_PARA_CALDO_m4getv.png,75,120,9000
2023-09-28,284,C-10014,Isabel,VD-10014,Ana Santana,https://dl.dropboxusercontent.com/s/2lks10yyiurw2b0/A33.png,3,SUR,San Cristóbal,18.4154,-70.1119,P-10014,Queso,https://covica.es/wp-content/uploads/2022/11/QUESOS_36-removebg-preview.png,70,90,6300
2023-10-05,285,C-10015,Diego,VD-10015,Sofia Bergara,https://dl.dropboxusercontent.com/s/id0gj57k6z3m73q/A34.png,3,SUR,Peravia,18.2796,-70.3316,P-10015,Miel,https://prodexspa.com/wp-content/uploads/2023/05/foto_miel_apoyo_low.png,92,80,7360
2023-10-16,286,C-10016,Paula,VD-10001,Juan Perez,https://dl.dropbox.com/s/4bz1xriny7ro04g/A40.png,1,ESTE,La Altagracia,18.6154,-68.7073,P-10001,Leche,https://png.pngtree.com/png-vector/20240206/ourmid/pngtree-gallon-of-milk-isolated-on-white-drink-cutout-lactosefresh-png-image_11635524.png,100,30,3000
2023-10-18,287,C-10017,Francisco,VD-10002,Maria Vizcaino,https://dl.dropbox.com/s/yxe96df3xrzoc4y/A44.png,1,ESTE,El Seibo,18.7652,-69.0381,P-10002,Legumbres,https://hslegumbres.com.ar/wp-content/uploads/2019/09/legumbres-min.png,75,50,3750
2023-10-25,288,C-10018,Marta,VD-10003,Ana Santana,https://dl.dropboxusercontent.com/s/2lks10yyiurw2b0/A33.png,1,ESTE,Hato Mayor,18.7625,-69.2568,P-10003,Frutas frescas,https://png.pngtree.com/png-clipart/20231122/original/pngtree-group-of-fresh-fruits-many-photo-png-image_13690072.png,99,40,3960
2023-10-25,289,C-10019,Antonio,VD-10004,Luis Diaz,https://dl.dropbox.com/s/zgx7g0h0mxubhao/A21.png,1,ESTE,La Romana,18.4339,-68.9666,P-10004,Pan integral,https://png.pngtree.com/png-clipart/20230929/original/pngtree-whole-wheat-bread-cutout-png-file-png-image_13018044.png,63,35,2205
2023-10-27,290,C-10020,Elena,VD-10005,Sofia Bergara,https://dl.dropboxusercontent.com/s/id0gj57k6z3m73q/A34.png,1,ESTE,San Pedro de Macorís,18.4517,-69.2994,P-10005,Aceite,https://cdn-icons-png.freepik.com/512/5029/5029264.png,28,100,2800
2023-11-10,291,C-10021,Javier,VD-10006,Jorge Ramos,https://dl.dropbox.com/s/1f9hzgblcmuen4a/A10.png,2,CIBAO,Santiago,19.4517,-70.697,P-10006,Arroz,https://encrypted-tbn0.gstatic.com/images?q=tbn:ANd9GcQ4_WmdkkAcceSl35xcwCOyP36s_xHnu0Yh2A&s,33,25,825
2023-11-14,292,C-10022,Sara,VD-10007,Juan Comila,https://dl.dropbox.com/s/jveyj0btov87izo/A38.png,2,CIBAO,Puerto Plata,19.7903,-70.6871,P-10007,Huevos,https://acdn.mitiendanube.com/stores/001/926/707/products/mesa-de-trabajo-11-ab4aedeb4966ce692416358047799893-640-0.png,9,5,45
2023-11-14,293,C-10023,Andrés,VD-10008,Juan Gabrie;,https://dl.dropbox.com/s/z4geyw1u2psmm47/A16.png,2,CIBAO,Duarte,19.2957,-70.255,P-10008,Yogur,https://perulabecologic.com.pe/wp-content/uploads/2020/04/yogurt-natural-botella.png,19,45,855
2023-11-17,294,C-10024,Claudia,VD-10009,Juan Perez,https://dl.dropbox.com/s/4bz1xriny7ro04g/A40.png,2,CIBAO,Espaillat,19.3901,-70.5253,P-10009,Aceite de oliva,https://studikard.com/wp-content/uploads/2021/11/Aceite-de-oliva-extra-virgen.png,23,200,4600
2023-11-19,295,C-10025,Manuel,VD-10010,Juan Gabrie;,https://dl.dropbox.com/s/z4geyw1u2psmm47/A16.png,2,CIBAO,La Vega,19.2225,-70.5297,P-10010,Agua potable,https://www.lenntech.com/images/Water/bottled.png,68,15,1020
2023-11-21,296,C-10026,Patricia,VD-10011,Juan Perez,https://dl.dropbox.com/s/4bz1xriny7ro04g/A40.png,3,SUR,Azua,18.454,-70.729,P-10011,Verduras frescas,https://img.pikbest.com/origin/09/05/38/99KpIkbEsTxDy.png!w700wp,4,30,120
2023-11-27,297,C-10027,David,VD-10012,Maria Vizcaino,https://dl.dropbox.com/s/yxe96df3xrzoc4y/A44.png,3,SUR,Barahona,18.2085,-71.1008,P-10012,Carne de pollo,https://carnessanpietro.com/wp-content/uploads/2023/12/carne_carne-para-bistec.png,12,75,900
2023-11-29,298,C-10028,Teresa,VD-10013,Carlos Santos,https://dl.dropbox.com/s/0jkab8w6ie0h91z/A42.png,3,SUR,San Juan,18.8059,-71.2299,P-10013,Pescado,https://res.cloudinary.com/oita/image/upload/v1688057414/Merco/Parte%205/7720_PESCADO_PARA_CALDO_m4getv.png,78,120,9360
2023-12-03,299,C-10029,Sergio,VD-10014,Ana Santana,https://dl.dropboxusercontent.com/s/2lks10yyiurw2b0/A33.png,3,SUR,San Cristóbal,18.4154,-70.1119,P-10014,Queso,https://covica.es/wp-content/uploads/2022/11/QUESOS_36-removebg-preview.png,6,90,540
2023-12-11,300,C-10030,Julia,VD-10015,Sofia Bergara,https://dl.dropboxusercontent.com/s/id0gj57k6z3m73q/A34.png,3,SUR,Peravia,18.2796,-70.3316,P-10015,Miel,https://prodexspa.com/wp-content/uploads/2023/05/foto_miel_apoyo_low.png,83,80,6640
2023-12-11,301,C-10001,Alejandro,VD-10001,Juan Perez,https://dl.dropbox.com/s/4bz1xriny7ro04g/A40.png,1,ESTE,La Altagracia,18.6154,-68.7073,P-10001,Leche,https://png.pngtree.com/png-vector/20240206/ourmid/pngtree-gallon-of-milk-isolated-on-white-drink-cutout-lactosefresh-png-image_11635524.png,97,30,2910
2023-12-14,302,C-10002,María,VD-10002,Maria Vizcaino,https://dl.dropbox.com/s/yxe96df3xrzoc4y/A44.png,1,ESTE,El Seibo,18.7652,-69.0381,P-10002,Legumbres,https://hslegumbres.com.ar/wp-content/uploads/2019/09/legumbres-min.png,28,50,1400
2023-12-17,303,C-10003,José,VD-10003,Ana Santana,https://dl.dropboxusercontent.com/s/2lks10yyiurw2b0/A33.png,1,ESTE,Hato Mayor,18.7625,-69.2568,P-10003,Frutas frescas,https://png.pngtree.com/png-clipart/20231122/original/pngtree-group-of-fresh-fruits-many-photo-png-image_13690072.png,76,40,3040
2023-12-18,304,C-10004,Laura,VD-10004,Luis Diaz,https://dl.dropbox.com/s/zgx7g0h0mxubhao/A21.png,1,ESTE,La Romana,18.4339,-68.9666,P-10004,Pan integral,https://png.pngtree.com/png-clipart/20230929/original/pngtree-whole-wheat-bread-cutout-png-file-png-image_13018044.png,18,35,630
2023-12-19,305,C-10005,Carlos,VD-10005,Sofia Bergara,https://dl.dropboxusercontent.com/s/id0gj57k6z3m73q/A34.png,1,ESTE,San Pedro de Macorís,18.4517,-69.2994,P-10005,Aceite,https://cdn-icons-png.freepik.com/512/5029/5029264.png,39,100,3900
2023-12-28,306,C-10006,Lucía,VD-10006,Jorge Ramos,https://dl.dropbox.com/s/1f9hzgblcmuen4a/A10.png,2,CIBAO,Santiago,19.4517,-70.697,P-10006,Arroz,https://encrypted-tbn0.gstatic.com/images?q=tbn:ANd9GcQ4_WmdkkAcceSl35xcwCOyP36s_xHnu0Yh2A&s,83,25,2075
2023-12-30,307,C-10007,Juan,VD-10007,Juan Comila,https://dl.dropbox.com/s/jveyj0btov87izo/A38.png,2,CIBAO,Puerto Plata,19.7903,-70.6871,P-10007,Huevos,https://acdn.mitiendanube.com/stores/001/926/707/products/mesa-de-trabajo-11-ab4aedeb4966ce692416358047799893-640-0.png,66,5,330
2023-12-31,308,C-10008,Ana,VD-10008,Juan Gabrie;,https://dl.dropbox.com/s/z4geyw1u2psmm47/A16.png,2,CIBAO,Duarte,19.2957,-70.255,P-10008,Yogur,https://perulabecologic.com.pe/wp-content/uploads/2020/04/yogurt-natural-botella.png,12,45,540
2024-01-10,309,C-10009,Luis,VD-10009,Juan Perez,https://dl.dropbox.com/s/4bz1xriny7ro04g/A40.png,2,CIBAO,Espaillat,19.3901,-70.5253,P-10009,Aceite de oliva,https://studikard.com/wp-content/uploads/2021/11/Aceite-de-oliva-extra-virgen.png,59,200,11800
2024-01-12,310,C-10010,Carmen,VD-10010,Juan Gabrie;,https://dl.dropbox.com/s/z4geyw1u2psmm47/A16.png,2,CIBAO,La Vega,19.2225,-70.5297,P-10010,Agua potable,https://www.lenntech.com/images/Water/bottled.png,58,15,870
2024-01-12,311,C-10011,Miguel,VD-10011,Juan Perez,https://dl.dropbox.com/s/4bz1xriny7ro04g/A40.png,3,SUR,Azua,18.454,-70.729,P-10011,Verduras frescas,https://img.pikbest.com/origin/09/05/38/99KpIkbEsTxDy.png!w700wp,79,30,2370
2024-01-16,312,C-10012,Sofía,VD-10012,Maria Vizcaino,https://dl.dropbox.com/s/yxe96df3xrzoc4y/A44.png,3,SUR,Barahona,18.2085,-71.1008,P-10012,Carne de pollo,https://carnessanpietro.com/wp-content/uploads/2023/12/carne_carne-para-bistec.png,88,75,6600
2024-02-02,313,C-10013,Pablo,VD-10013,Carlos Santos,https://dl.dropbox.com/s/0jkab8w6ie0h91z/A42.png,3,SUR,San Juan,18.8059,-71.2299,P-10013,Pescado,https://res.cloudinary.com/oita/image/upload/v1688057414/Merco/Parte%205/7720_PESCADO_PARA_CALDO_m4getv.png,91,120,10920
2024-02-04,314,C-10014,Isabel,VD-10014,Ana Santana,https://dl.dropboxusercontent.com/s/2lks10yyiurw2b0/A33.png,3,SUR,San Cristóbal,18.4154,-70.1119,P-10014,Queso,https://covica.es/wp-content/uploads/2022/11/QUESOS_36-removebg-preview.png,93,90,8370
2024-02-06,315,C-10015,Diego,VD-10015,Sofia Bergara,https://dl.dropboxusercontent.com/s/id0gj57k6z3m73q/A34.png,3,SUR,Peravia,18.2796,-70.3316,P-10015,Miel,https://prodexspa.com/wp-content/uploads/2023/05/foto_miel_apoyo_low.png,29,80,2320
2024-02-17,316,C-10016,Paula,VD-10001,Juan Perez,https://dl.dropbox.com/s/4bz1xriny7ro04g/A40.png,1,ESTE,La Altagracia,18.6154,-68.7073,P-10001,Leche,https://png.pngtree.com/png-vector/20240206/ourmid/pngtree-gallon-of-milk-isolated-on-white-drink-cutout-lactosefresh-png-image_11635524.png,84,30,2520
2024-02-18,317,C-10017,Francisco,VD-10002,Maria Vizcaino,https://dl.dropbox.com/s/yxe96df3xrzoc4y/A44.png,1,ESTE,El Seibo,18.7652,-69.0381,P-10002,Legumbres,https://hslegumbres.com.ar/wp-content/uploads/2019/09/legumbres-min.png,17,50,850
2024-02-22,318,C-10018,Marta,VD-10003,Ana Santana,https://dl.dropboxusercontent.com/s/2lks10yyiurw2b0/A33.png,1,ESTE,Hato Mayor,18.7625,-69.2568,P-10003,Frutas frescas,https://png.pngtree.com/png-clipart/20231122/original/pngtree-group-of-fresh-fruits-many-photo-png-image_13690072.png,93,40,3720
2024-02-27,319,C-10019,Antonio,VD-10004,Luis Diaz,https://dl.dropbox.com/s/zgx7g0h0mxubhao/A21.png,1,ESTE,La Romana,18.4339,-68.9666,P-10004,Pan integral,https://png.pngtree.com/png-clipart/20230929/original/pngtree-whole-wheat-bread-cutout-png-file-png-image_13018044.png,91,35,3185
2024-03-06,320,C-10020,Elena,VD-10005,Sofia Bergara,https://dl.dropboxusercontent.com/s/id0gj57k6z3m73q/A34.png,1,ESTE,San Pedro de Macorís,18.4517,-69.2994,P-10005,Aceite,https://cdn-icons-png.freepik.com/512/5029/5029264.png,94,100,9400
2024-03-22,321,C-10021,Javier,VD-10006,Jorge Ramos,https://dl.dropbox.com/s/1f9hzgblcmuen4a/A10.png,2,CIBAO,Santiago,19.4517,-70.697,P-10006,Arroz,https://encrypted-tbn0.gstatic.com/images?q=tbn:ANd9GcQ4_WmdkkAcceSl35xcwCOyP36s_xHnu0Yh2A&s,97,25,2425
2024-03-31,322,C-10022,Sara,VD-10007,Juan Comila,https://dl.dropbox.com/s/jveyj0btov87izo/A38.png,2,CIBAO,Puerto Plata,19.7903,-70.6871,P-10007,Huevos,https://acdn.mitiendanube.com/stores/001/926/707/products/mesa-de-trabajo-11-ab4aedeb4966ce692416358047799893-640-0.png,64,5,320
2024-04-03,323,C-10023,Andrés,VD-10008,Juan Gabrie;,https://dl.dropbox.com/s/z4geyw1u2psmm47/A16.png,2,CIBAO,Duarte,19.2957,-70.255,P-10008,Yogur,https://perulabecologic.com.pe/wp-content/uploads/2020/04/yogurt-natural-botella.png,52,45,2340
2024-04-08,324,C-10024,Claudia,VD-10009,Juan Perez,https://dl.dropbox.com/s/4bz1xriny7ro04g/A40.png,2,CIBAO,Espaillat,19.3901,-70.5253,P-10009,Aceite de oliva,https://studikard.com/wp-content/uploads/2021/11/Aceite-de-oliva-extra-virgen.png,51,200,10200
2024-04-10,325,C-10025,Manuel,VD-10010,Juan Gabrie;,https://dl.dropbox.com/s/z4geyw1u2psmm47/A16.png,2,CIBAO,La Vega,19.2225,-70.5297,P-10010,Agua potable,https://www.lenntech.com/images/Water/bottled.png,83,15,1245
2024-04-15,326,C-10026,Patricia,VD-10011,Juan Perez,https://dl.dropbox.com/s/4bz1xriny7ro04g/A40.png,3,SUR,Azua,18.454,-70.729,P-10011,Verduras frescas,https://img.pikbest.com/origin/09/05/38/99KpIkbEsTxDy.png!w700wp,31,30,930
2024-04-19,327,C-10027,David,VD-10012,Maria Vizcaino,https://dl.dropbox.com/s/yxe96df3xrzoc4y/A44.png,3,SUR,Barahona,18.2085,-71.1008,P-10012,Carne de pollo,https://carnessanpietro.com/wp-content/uploads/2023/12/carne_carne-para-bistec.png,3,75,225
2024-04-24,328,C-10028,Teresa,VD-10013,Carlos Santos,https://dl.dropbox.com/s/0jkab8w6ie0h91z/A42.png,3,SUR,San Juan,18.8059,-71.2299,P-10013,Pescado,https://res.cloudinary.com/oita/image/upload/v1688057414/Merco/Parte%205/7720_PESCADO_PARA_CALDO_m4getv.png,17,120,2040
2024-04-27,329,C-10029,Sergio,VD-10014,Ana Santana,https://dl.dropboxusercontent.com/s/2lks10yyiurw2b0/A33.png,3,SUR,San Cristóbal,18.4154,-70.1119,P-10014,Queso,https://covica.es/wp-content/uploads/2022/11/QUESOS_36-removebg-preview.png,84,90,7560
2024-04-30,330,C-10030,Julia,VD-10015,Sofia Bergara,https://dl.dropboxusercontent.com/s/id0gj57k6z3m73q/A34.png,3,SUR,Peravia,18.2796,-70.3316,P-10015,Miel,https://prodexspa.com/wp-content/uploads/2023/05/foto_miel_apoyo_low.png,18,80,1440
2024-05-04,331,C-10001,Alejandro,VD-10001,Juan Perez,https://dl.dropbox.com/s/4bz1xriny7ro04g/A40.png,1,ESTE,La Altagracia,18.6154,-68.7073,P-10001,Leche,https://png.pngtree.com/png-vector/20240206/ourmid/pngtree-gallon-of-milk-isolated-on-white-drink-cutout-lactosefresh-png-image_11635524.png,79,30,2370
2024-05-12,332,C-10002,María,VD-10002,Maria Vizcaino,https://dl.dropbox.com/s/yxe96df3xrzoc4y/A44.png,1,ESTE,El Seibo,18.7652,-69.0381,P-10002,Legumbres,https://hslegumbres.com.ar/wp-content/uploads/2019/09/legumbres-min.png,86,50,4300
2024-05-15,333,C-10003,José,VD-10003,Ana Santana,https://dl.dropboxusercontent.com/s/2lks10yyiurw2b0/A33.png,1,ESTE,Hato Mayor,18.7625,-69.2568,P-10003,Frutas frescas,https://png.pngtree.com/png-clipart/20231122/original/pngtree-group-of-fresh-fruits-many-photo-png-image_13690072.png,51,40,2040
2024-05-29,334,C-10004,Laura,VD-10004,Luis Diaz,https://dl.dropbox.com/s/zgx7g0h0mxubhao/A21.png,1,ESTE,La Romana,18.4339,-68.9666,P-10004,Pan integral,https://png.pngtree.com/png-clipart/20230929/original/pngtree-whole-wheat-bread-cutout-png-file-png-image_13018044.png,53,35,1855
2024-05-31,335,C-10005,Carlos,VD-10005,Sofia Bergara,https://dl.dropboxusercontent.com/s/id0gj57k6z3m73q/A34.png,1,ESTE,San Pedro de Macorís,18.4517,-69.2994,P-10005,Aceite,https://cdn-icons-png.freepik.com/512/5029/5029264.png,67,100,6700
2024-06-01,336,C-10006,Lucía,VD-10006,Jorge Ramos,https://dl.dropbox.com/s/1f9hzgblcmuen4a/A10.png,2,CIBAO,Santiago,19.4517,-70.697,P-10006,Arroz,https://encrypted-tbn0.gstatic.com/images?q=tbn:ANd9GcQ4_WmdkkAcceSl35xcwCOyP36s_xHnu0Yh2A&s,97,25,2425
2024-06-02,337,C-10007,Juan,VD-10007,Juan Comila,https://dl.dropbox.com/s/jveyj0btov87izo/A38.png,2,CIBAO,Puerto Plata,19.7903,-70.6871,P-10007,Huevos,https://acdn.mitiendanube.com/stores/001/926/707/products/mesa-de-trabajo-11-ab4aedeb4966ce692416358047799893-640-0.png,25,5,125
2024-06-03,338,C-10008,Ana,VD-10008,Juan Gabrie;,https://dl.dropbox.com/s/z4geyw1u2psmm47/A16.png,2,CIBAO,Duarte,19.2957,-70.255,P-10008,Yogur,https://perulabecologic.com.pe/wp-content/uploads/2020/04/yogurt-natural-botella.png,28,45,1260
2024-06-04,339,C-10009,Luis,VD-10009,Juan Perez,https://dl.dropbox.com/s/4bz1xriny7ro04g/A40.png,2,CIBAO,Espaillat,19.3901,-70.5253,P-10009,Aceite de oliva,https://studikard.com/wp-content/uploads/2021/11/Aceite-de-oliva-extra-virgen.png,59,200,11800
2024-06-05,340,C-10010,Carmen,VD-10010,Juan Gabrie;,https://dl.dropbox.com/s/z4geyw1u2psmm47/A16.png,2,CIBAO,La Vega,19.2225,-70.5297,P-10010,Agua potable,https://www.lenntech.com/images/Water/bottled.png,25,15,375
2024-06-06,341,C-10011,Miguel,VD-10011,Juan Perez,https://dl.dropbox.com/s/4bz1xriny7ro04g/A40.png,3,SUR,Azua,18.454,-70.729,P-10011,Verduras frescas,https://img.pikbest.com/origin/09/05/38/99KpIkbEsTxDy.png!w700wp,58,30,1740
2024-06-07,342,C-10012,Sofía,VD-10012,Maria Vizcaino,https://dl.dropbox.com/s/yxe96df3xrzoc4y/A44.png,3,SUR,Barahona,18.2085,-71.1008,P-10012,Carne de pollo,https://carnessanpietro.com/wp-content/uploads/2023/12/carne_carne-para-bistec.png,22,75,1650
2024-06-08,343,C-10013,Pablo,VD-10013,Carlos Santos,https://dl.dropbox.com/s/0jkab8w6ie0h91z/A42.png,3,SUR,San Juan,18.8059,-71.2299,P-10013,Pescado,https://res.cloudinary.com/oita/image/upload/v1688057414/Merco/Parte%205/7720_PESCADO_PARA_CALDO_m4getv.png,48,120,5760
2024-06-09,344,C-10014,Isabel,VD-10014,Ana Santana,https://dl.dropboxusercontent.com/s/2lks10yyiurw2b0/A33.png,3,SUR,San Cristóbal,18.4154,-70.1119,P-10014,Queso,https://covica.es/wp-content/uploads/2022/11/QUESOS_36-removebg-preview.png,63,90,5670
2024-06-10,345,C-10015,Diego,VD-10015,Sofia Bergara,https://dl.dropboxusercontent.com/s/id0gj57k6z3m73q/A34.png,3,SUR,Peravia,18.2796,-70.3316,P-10015,Miel,https://prodexspa.com/wp-content/uploads/2023/05/foto_miel_apoyo_low.png,62,80,4960
2024-06-11,346,C-10016,Paula,VD-10001,Juan Perez,https://dl.dropbox.com/s/4bz1xriny7ro04g/A40.png,1,ESTE,La Altagracia,18.6154,-68.7073,P-10001,Leche,https://png.pngtree.com/png-vector/20240206/ourmid/pngtree-gallon-of-milk-isolated-on-white-drink-cutout-lactosefresh-png-image_11635524.png,86,30,2580
2024-06-01,347,C-10017,Francisco,VD-10002,Maria Vizcaino,https://dl.dropbox.com/s/yxe96df3xrzoc4y/A44.png,1,ESTE,El Seibo,18.7652,-69.0381,P-10002,Legumbres,https://hslegumbres.com.ar/wp-content/uploads/2019/09/legumbres-min.png,74,50,3700
2024-06-02,348,C-10018,Marta,VD-10003,Ana Santana,https://dl.dropboxusercontent.com/s/2lks10yyiurw2b0/A33.png,1,ESTE,Hato Mayor,18.7625,-69.2568,P-10003,Frutas frescas,https://png.pngtree.com/png-clipart/20231122/original/pngtree-group-of-fresh-fruits-many-photo-png-image_13690072.png,48,40,1920
2024-06-03,349,C-10019,Antonio,VD-10004,Luis Diaz,https://dl.dropbox.com/s/zgx7g0h0mxubhao/A21.png,1,ESTE,La Romana,18.4339,-68.9666,P-10004,Pan integral,https://png.pngtree.com/png-clipart/20230929/original/pngtree-whole-wheat-bread-cutout-png-file-png-image_13018044.png,47,35,1645
2024-06-04,350,C-10020,Elena,VD-10005,Sofia Bergara,https://dl.dropboxusercontent.com/s/id0gj57k6z3m73q/A34.png,1,ESTE,San Pedro de Macorís,18.4517,-69.2994,P-10005,Aceite,https://cdn-icons-png.freepik.com/512/5029/5029264.png,86,100,8600
2024-06-05,351,C-10021,Javier,VD-10006,Jorge Ramos,https://dl.dropbox.com/s/1f9hzgblcmuen4a/A10.png,2,CIBAO,Santiago,19.4517,-70.697,P-10006,Arroz,https://encrypted-tbn0.gstatic.com/images?q=tbn:ANd9GcQ4_WmdkkAcceSl35xcwCOyP36s_xHnu0Yh2A&s,45,25,1125
2024-06-06,352,C-10022,Sara,VD-10007,Juan Comila,https://dl.dropbox.com/s/jveyj0btov87izo/A38.png,2,CIBAO,Puerto Plata,19.7903,-70.6871,P-10007,Huevos,https://acdn.mitiendanube.com/stores/001/926/707/products/mesa-de-trabajo-11-ab4aedeb4966ce692416358047799893-640-0.png,37,5,185
2024-06-07,353,C-10023,Andrés,VD-10008,Juan Gabrie;,https://dl.dropbox.com/s/z4geyw1u2psmm47/A16.png,2,CIBAO,Duarte,19.2957,-70.255,P-10008,Yogur,https://perulabecologic.com.pe/wp-content/uploads/2020/04/yogurt-natural-botella.png,78,45,3510
2024-06-08,354,C-10024,Claudia,VD-10009,Juan Perez,https://dl.dropbox.com/s/4bz1xriny7ro04g/A40.png,2,CIBAO,Espaillat,19.3901,-70.5253,P-10009,Aceite de oliva,https://studikard.com/wp-content/uploads/2021/11/Aceite-de-oliva-extra-virgen.png,82,200,16400
2024-06-09,355,C-10025,Manuel,VD-10010,Juan Gabrie;,https://dl.dropbox.com/s/z4geyw1u2psmm47/A16.png,2,CIBAO,La Vega,19.2225,-70.5297,P-10010,Agua potable,https://www.lenntech.com/images/Water/bottled.png,24,15,360
2024-06-10,356,C-10026,Patricia,VD-10011,Juan Perez,https://dl.dropbox.com/s/4bz1xriny7ro04g/A40.png,3,SUR,Azua,18.454,-70.729,P-10011,Verduras frescas,https://img.pikbest.com/origin/09/05/38/99KpIkbEsTxDy.png!w700wp,66,30,1980
2024-06-11,357,C-10027,David,VD-10012,Maria Vizcaino,https://dl.dropbox.com/s/yxe96df3xrzoc4y/A44.png,3,SUR,Barahona,18.2085,-71.1008,P-10012,Carne de pollo,https://carnessanpietro.com/wp-content/uploads/2023/12/carne_carne-para-bistec.png,54,75,4050
2024-06-10,358,C-10028,Teresa,VD-10013,Carlos Santos,https://dl.dropbox.com/s/0jkab8w6ie0h91z/A42.png,3,SUR,San Juan,18.8059,-71.2299,P-10013,Pescado,https://res.cloudinary.com/oita/image/upload/v1688057414/Merco/Parte%205/7720_PESCADO_PARA_CALDO_m4getv.png,48,120,5760
2024-06-10,359,C-10029,Sergio,VD-10014,Ana Santana,https://dl.dropboxusercontent.com/s/2lks10yyiurw2b0/A33.png,3,SUR,San Cristóbal,18.4154,-70.1119,P-10014,Queso,https://covica.es/wp-content/uploads/2022/11/QUESOS_36-removebg-preview.png,98,90,8820
2024-06-11,360,C-10030,Julia,VD-10015,Sofia Bergara,https://dl.dropboxusercontent.com/s/id0gj57k6z3m73q/A34.png,3,SUR,Peravia,18.2796,-70.3316,P-10015,Miel,https://prodexspa.com/wp-content/uploads/2023/05/foto_miel_apoyo_low.png,16,80,1280
